{
  "enableUIDisplayConfiguration": false,
  "uiDisplayConfigurations": {
	"loanAccount": {
	  "isHiddenField": {
		"fundId": true,
		"linkAccountId": true,
		"createStandingInstruction": true,
		"numberOfRepayments": true,
		"repaymentEvery": true,
		"repaymentFrequencyType": true,
		"repaymentFrequencyNthDayType": true,
		"repaymentFrequencyDayOfWeekType": true,
		"interestChargedFromDate": true,
		"repaymentsStartingFromDate": true,
		"interestType": true,
		"amortizationType": true,
		"interestCalculationPeriodType": true,
		"inArrearsTolerance": true,
		"graceOnInterestCharged": true,
		"transactionProcessingStrategyId": true,
		"graceOnInterestPayment": true,
		"graceOnArrearsAgeing": true
	  },
	  "isHiddenSection": {
		"interestRecalculationSection": true,
		"collateralSection": true
	  },
	  "isReadOnlyField": {
		"loanTermFrequencyType": true
	  }
	}
  }
}