{
  "app lebels start" :"----------------------------------------------------",
  "label.heading.mifosxclient" : "Mifos-X क्लाइंट",
  "label.input.changelanguage" : "भाषा बदल:",
  "label.input.username" : "प्रयोक्ता नाम",
  "label.input.password" : "पासवर्ड",
  "label.button.signin":"साइन इन करें",
  "label.systemid": "सिस्टम आईडी :",
  "label.heading.loanofficer" : "ऋण अधिकारी :",
  "label.heading.mifosx" : "FinCore",
  "label.heading.uptodate" : "FinCore तारीख तक है",
  "label.product.aboutus1" : "FinCore को डिज़ाइन किया गया है ",
  "label.product.aboutus2" : "ग्लोबल कम्यूनिटी",
  "label.product.aboutus3" : "विशेष रूप से, गरीब महिलाओं के लिए एक साथ काम कर रहे हैं, वित्तीय सेवाओं के लिए पहुँच प्राप्त.",
  "label.get.involved1" : "रोचक लगती है?",
  "label.get.involved2" : "शामिल हो जाओ!",
  "label.community.name" : "COSM",
  "label.anchor.resources" : "संसाधन",
  "label.anchor.usermanual" : "उपयोगकर्ता गाइड",
  "label.anchor.functionalspec" : "कार्यात्मक कल्पना",
  "label.faq" : "अक्सर पूछे जाने वाले सवाल",
  "label.heading.community" : "समुदाय",
  "label.anchor.usersgroup" : "उपयोगकर्ता समूह",
  "label.anchor.developergroup" : "डेवलपर समूह",
  "label.anchor.developerzone" : "डेवलपर ज़ोन",
  "label.anchor.keydesignprinciples": "मुख्य डिजाइन सिद्धांत",
  "label.anchor.workingwithcode": "कोड के साथ कार्य करना",
  "label.anchor.donate": "दान करना",
  "label.anchor.irc" : "आईआरसी",

 "# common table headings":"....",
  "label.heading.officeName":"ऑफिस का नाम",
  "label.heading.name":"नाम",
  
 "# common label headings":"....",
  "label.firstname":"प्रथम नाम:",
  "label.lastname":"आखिरी नाम:",
  "label.office":"कार्यालय:",

 "#employee table":"....",
  "label.input.isLoanOfficer":"वह ऋण अधिकारी है?",
  "label.anchor.createemployee":"कर्मचारी को बनाने" ,

  "#view employee":"....",
  "label.heading.isLoanOfficer":"वह ऋण अधिकारी है? :",

  "#view employee":"....",
  "label.heading.parentoffice":"मूल कार्यालय:",
  "label.heading.openedon":"पर खोला:",
  "label.heading.namedecorated":"सजाया नाम:",
  "label.heading.externalid":"एक्सटर्नल आईडी:",

  "label.heading.home" : "घर",
  "label.anchor.tasks" : "कार्य",
  "label.anchor.clients" : "ग्राहकों",
  "label.anchor.accounting": "अकाउंटिंग",
  "label.anchor.reports" : "रिपोर्टों",
  "label.anchor.products" : "उत्पादों",
  "label.anchor.admin" : "आडमिन",
  "label.anchor.groups" : "समूहों",
  "label.anchor.centers" : "केन्द्रों",
  "label.anchor.all" : "सब",
  "label.anchor.loans" : "ऋण",
  "label.anchor.savings": "जमा पूंजी",
  "label.anchor.templates": "टेम्पलेट्स",
  "label.anchor.funds" : "फंडों",
  "label.anchor.loanproducts" : "ऋण उत्पादों",
  "label.anchor.savingproducts" : "बचत उत्पादों",
  "label.anchor.productsmix" : "उत्पादों मिश्रण",
  "label.anchor.charges" : "प्रभार / दंड",
  "label.anchor.users" : "उपयोगकर्ताओं",
  "label.anchor.organization" : "संगठन",
  "label.anchor.system" : "सिस्टम",
  "label.anchor.profile" : "प्रोफ़ाइल",
  "label.anchor.settings" : "सेटिंग्स",
  "label.anchor.logout" : "लॉगआउट",

  "#accounting coa":"....",
  "label.button.addaccount":"खाते जोड़ें",
  "lable.input.accountname":"खाते का नाम",
  "label.heading.glcode":"जीएल कोड",
  "label.heading.acctype": "खाता प्रकार",
  "label.heading.disabled":"अक्षम",
  "label.heading.manualentriesallowed":"मैनुअल प्रविष्टियां अनुमति है?",
  "label.heading.usedas":"के रूप में इस्तेमाल",
  "label.accountname":"खाते का नाम",
  "label.heading.accounttype":"खाता प्रकार",
  "label.heading.accountusage":"खाता उपयोग",
  "label.heading.parent":"जनक चयन करें",
  "label.heading.description":"विवरण",
  "label.heading.tag":"टैग",
  "label.heading.parentaccountname":"खाते के जनक",
  "label.heading.position":"स्थान",

  "#Office ":"....",
  "label.heading.officeName":"ऑफिस का नाम:",
  "label.heading.openedon":"पर खोला:",
  "label.heading.externalId":"एक्सटर्नल आईडी:",
  "label.heading.parentoffice":"मूल कार्यालय:",
  "app lebels end" :"-----------------------------------------------------",
  "app erros start" :"----------------------------------------------------",
  "error.login.failed":"फिर प्रयास करें, अपने क्रेडेंशियल्स मान्य नहीं हैं",



  "app erros end" :"------------------------------------------------------"

}