{
	"@metadata": {
		"authors": [
			"Eitvys200",
			"Mantak111",
			"Robotukas11",
			"Zygimantus"
		]
	},
	"label.heading.totalshares": "Viso Akcijų",
	"label.heading.sharenominalprice": "Nominali/Vieneto Kaina",
	"label.heading.totalsharestobeissued": "Akcijos, kurios bus išleistos",
	"label.heading.sharecapitalvalue": "Visa Akcijų Kapitalo Vertė",
	"label.heading.shareperclient": "Akcijos vienam Klientui",
	"label.heading.minimumactiveperiod": "Mažiausias Aktyvumo Laikotarpis",
	"label.heading.suspenseaccount": "Tarpinės Sąskaita",
	"label.heading.allowdividendsforinactiveclients": "Leisti dividendus neaktyviems klientams",
	"label.heading.name": "Pavadinimas",
	"label.heading.alias": "Kiti vardai",
	"label.heading.country": "Valstybė",
	"label.heading.cbproduct": "Kredito Produktas",
	"label.heading.is_creditcheck_mandatory": "Ar kredito patikrinimas privalomas?",
	"label.heading.startdate": "Pradžios Data",
	"label.heading.enddate": "Pabaigos Data",
	"label.heading.accnum": "Paskyra #",
	"label.heading.staff": "Darbuotojai",
	"label.heading.office": "Biuras",
	"label.heading.delete": "Ištrinti",
	"label.heading.reject": "Atmesti",
	"label.heading.deleterole": "Ištrinti rolę",
	"label.heading.disablerole": "Išjungti rolę",
	"label.heading.disabled": "Išjungtas",
	"label.heading.enabledrole": "Įjungtas",
	"label.heading.enablerole": "Įjungti rolę",
	"label.heading.unassignstaff": "Nepaskirti Darbuotojai",
	"label.heading.assignstaff": "Paskirti darbuotojai",
	"label.heading.general": "Bendras",
	"label.heading.performancehistory": "Veiklos Istorija",
	"label.heading.settings": "Nustatymai",
	"label.heading.status": "Būsena",
	"label.heading.loanaccount": "Paskolos sąskaitą",
	"label.heading.type": "Tipas",
	"label.heading.category": "Kategorija",
	"label.heading.balance": "Balansas",
	"label.heading.viewreceipts": "Peržiūrėti Kvitą",
	"label.heading.savingaccount": "Taupymo sąskaita",
	"label.heading.description": "Aprašymas",
	"label.heading.shortname": "Trumpas vardas",
	"label.heading.approve": "Patvirtinti",
	"label.heading.actions": "Veiksmai",
	"label.heading.loanaccoverview": "Paskolos Sąskaitos Apžvalga",
	"label.heading.upcomingcharges": "Artėjantys mokesčiai",
	"label.heading.savingsaccoverview": "Taupomosios sąskaitos apžvalga",
	"label.heading.members": "Nariai",
	"label.heading.confirm": "Patvirtinti",
	"label.heading.attendance": "Lankomumas",
	"label.heading.comments": "Komentarai",
	"label.heading.id": "ID",
	"label.heading.activationdate": "Aktyvacijos kodas",
	"label.heading.externalid": "Išorės Id",
	"label.heading.summary": "Statistika",
	"label.heading.products": "Produktai",
	"label.heading.branch": "Šaka",
	"label.heading.notes": "Pastabos",
	"label.heading.closedaccount": "Uždaryta paskyra",
	"label.heading.transactiondate": "Operacijos data",
	"label.heading.account": "Paskyra",
	"label.heading.debit": "Debetas",
	"label.heading.credit": "Kreditas",
	"label.heading.updatedby": "Atnaujino",
	"label.heading.updatedon": "Autnaujinta",
	"label.heading.error": "Klaida",
	"label.heading.client": "Klientas",
	"label.heading.accounttype": "Paskyros tipas",
	"label.heading.user": "Vartotojas",
	"label.heading.loan": "Paskola",
	"label.heading.principal": "Pagrindinis",
	"label.heading.amount": "Suma",
	"label.heading.date": "Data",
	"label.heading.transactiontype": "Operacijos Tipas",
	"label.heading.due": "Iki",
	"label.heading.paid": "Apmokėta",
	"label.heading.waived": "Asisakyta",
	"label.heading.outstanding": "Neapmokėta",
	"label.heading.installmentamount": "Įmokos Suma",
	"label.heading.resourceid": "Resurso ID",
	"label.heading.details": "Detalės",
	"label.heading.identitydocuments": "Asmens Tapatybės Dokumentai",
	"label.heading.clientapproval": "Kliento Patvirtinimas",
	"label.heading.loanapproval": "Paskolos Patvirtinimas",
	"label.heading.checkerinbox": "Tikrinimo Dėžutė",
	"label.heading.enterclientsactivationdate": "Įveskite Klientų Aktyvinimo Data",
	"label.heading.notprovided": "Nenurodytas",
	"label.heading.notavailable": "Neprieinamas",
	"label.heading.next": "Puslapiai: Kitas",
	"label.heading.prev": "Puslapiai: Ankstesnis",
	"label.heading.provisioningcategory": "Kategorija",
	"label.heading.minimumage": "Min. amžius",
	"label.heading.maximumage": "Maks. amžius",
	"label.heading.provisioningpercentage": "Procentas",
	"label.heading.provisioningliabilityaccount": "Atsakomybės Sąskaita",
	"label.heading.provisioningexpenseaccount": "Išlaidų Sąskaita",
	"label.heading.fromdate": "Nuo Datos",
	"label.heading.interestrate": "Palūkanų Norma",
	"label.heading.patternupdate": "Modelio Atnaujinimas",
	"label.input.between": "tarp",
	"label.input.loanproduct": "Paskolos produktas",
	"label.heading.count": "Skaičiuoti",
	"label.heading.percentage": "Procentas",
	"label.heading.loanamount": "Pradinė Paskola",
	"label.heading.outstandingamount": "Paskolos Balansas",
	"label.heading.dueamount": "Sumokėta Suma",
	"label.heading.serviceType": "Išorės Paslaugos Tipas",
	"label.heading.reset": "Atstatyti",
	"label.input.indays": "Dienomis",
	"label.input.minfloatinginterestrate": "Minimali Palūkanų Norma",
	"label.input.defaultfloatinginterestrate": "Numatyta Palūkanų Norma",
	"label.input.maxfloatinginterestrate": "Maksimali Palūkanų Norma",
	"label.heading.sharesaccoverview": "Akcijų Sąskaitos Apžvalga",
	"label.heading.shareaccount": "Akcijų Sąskaita#",
	"label.heading.approvedshares": "Patvirtintos Akcijos",
	"label.heading.purchasedsharesoverview": "Operacijų Apžvalga",
	"label.heading.applyadditionalshares": "Taikyti Papildomas Akcijas",
	"label.heading.approveadditionalshares": "Patvirtinti Papildomas Akcijas",
	"label.heading.rejectadditionalshares": "Išpirkti Akcijas",
	"label.heading.dividendperiodstartdate": "Dividendų Laikotarpio Pradžios Data",
	"label.heading.dividendperiodenddate": "Dividendų Laikotarpio Pabaigos Data",
	"label.heading.dividendamount": "Dividendų Suma",
	"label.heading.dividends": "dividendai",
	"label.heading.savingtransactionreference": "Sandorio Nuoroda",
	"label.heading.amountreceivedorreturned": "Gauta/Gražinta Suma",
	"label.heading.totalamountreceivedorreturned": "Visa Gautina/Gražinta Suma",
	"label.heading.campaignname": "Kampanijos Pavadinimas",
	"label.heading.smsProvider": "SMS Teikėjas",
	"label.heading.campaigntype": "Kampanijos Tipas",
	"label.heading.approvedby": "Patvirtino",
	"label.heading.message": "Žinutė",
	"label.heading.preview": "Peržiūra",
	"label.heading.businessRuleParameters": "Verslo Taisyklės Parametrai",
	"label.heading.templateparameters": "Galimi Šablono Parametrai",
	"label.heading.businessRule": "Verslo Taisyklė",
	"label.heading.campaignMessage": "Kampanijos Pranešimas",
	"label.menu.selectloanofficer": "Pasirinkti Personalą",
	"label.menu.selectone": "Pasirinkite vieną",
	"label.menu.legalForm": "Pasirinkti Teisinę Formą",
	"label.menu.smsProvider": "Pasirinkti SMS Tiekėją",
	"label.menu.campaignType": "Pasirinkti Kampanijos Tipą",
	"label.menu.businessRule": "Pasirinkti Verslo Taisyklę",
	"label.anchor.delete": "Ištrinti",
	"label.achor.activate": "Aktyvuoti",
	"label.anchor.close": "Uždaryti",
	"label.anchor.assignstaff": "Paskirti Darbuotojus",
	"label.anchor.activate": "Aktyvuoti",
	"label.anchor.updatedefaultaccount": "Atnaujinti Numatytąją Taupomąją Sąskaitą",
	"label.input.name": "Pavadinimas",
	"label.input.firstname": "Vardas",
	"label.input.lastname": "Pavardė",
	"label.input.middlename": "Antrasis vardas",
	"label.input.fullname": "Pavadinimas",
	"label.input.legalForm": "Teisinė Forma",
	"label.input.accno": "Sąskaitos#",
	"label.input.activationdate": "Aktyvavimo data",
	"label.input.staff": "Darbuotojai",
	"label.input.office": "Biuras",
	"label.input.client": "Klientas",
	"label.input.clients": "Klientai",
	"label.input.enternote": "Įvesti pastabą",
	"label.input.notes": "Pastabos",
	"label.input.externalid": "Išorinis id",
	"label.input.active": "Aktyvus",
	"label.input.is_active": "yra Aktyvus?",
	"label.input.assignstaff": "Paskirti darbuotojus",
	"label.input.closuredate": "Uždarymo data",
	"label.input.closurereason": "Uždarymo priežastis",
	"label.input.description": "Aprašymas",
	"label.input.repeat": "Pakartoti",
	"label.input.comments": "Komentarai",
	"label.input.closurereasons": "Uždarymo priežastis",
	"label.input.enteractivationdate": "Įveskite aktyvavimo datą",
	"label.input.filterbynameorstatusoroffice": "Filtruoti pagal pavadinimą/statusą/biurą",
	"label.input.filterbyname": "Filtruoti pagal pavadinimą",
	"label.input.transactiondate": "Operacijos data",
	"label.input.fromdate": "Nuo datos",
	"label.input.todate": "Iki datos",
	"label.input.amount": "Suma",
	"label.input.branchoffice": "Filialas",
	"label.input.center": "Centras",
	"label.input.group": "Grupė",
	"label.input.meetingcalendar": "Susitikimo kalendorius",
	"label.input.total": "Viso",
	"label.input.note": "Pastaba",
	"label.input.language": "Kalba",
	"label.input.dateformat": "Datos formatas",
	"label.input.gender": "Lytis",
	"label.input.dateofbirth": "Gimimo Data",
	"label.input.sqlSearch": "SQL Paieška",
	"label.input.transfertype": "Pavedimo Tipas",
	"label.input.true": "Tiesa",
	"label.input.false": "Netiesa",
	"label.input.repaymentdate": "Grąžinimo data",
	"label.input.resetconfirmationtext": "Ar norite ištrinti visus savo pakeitimus, padarytus iki šiol ir atstatyti į originalų Grafiką?",
	"label.input.remarks": "Pastabos",
	"label.input.campaignName": "Kampanijos Pavadinimas",
	"label.input.campaignType": "Kampanijos Tipas",
	"label.input.campaignMessage": "Kampanijos Pranešimas",
	"label.button.previous": "Ankstesnis",
	"label.button.next": "Kitas",
	"label.button.save": "Siųsti",
	"label.button.searchdata": "Ieškoti Duomenų",
	"label.button.cancel": "Atšaukti",
	"label.button.edit": "Redaguoti",
	"label.button.delete": "Ištrinti",
	"label.button.confirm": "Patvirtinti",
	"label.button.unassignstaff": "Pašalinti Personalą",
	"label.button.assignstaff": "Paskirti Darbuotojus",
	"label.button.close": "Uždaryti",
	"label.button.staffassignmenthistory": "Personalo Priskyrimo Istorija",
	"label.button.activate": "Aktyvuoti",
	"label.button.newloan": "Nauja Paskola",
	"label.button.newshareaccount": "Nauja Akcijų Paskyra",
	"label.button.transferclient": "Perkelti Klientą",
	"label.button.newsaving": "Nauja Taupymų",
	"label.button.newcharge": "Pridėti mokestį",
	"label.button.accepttransfer": "Priimti Perdavimą",
	"label.button.rejecttransfer": "Atmesti Perdavimą",
	"label.button.undotransfer": "Anuliuoti Perdavimą",
	"label.button.deleteall": "Ištrinti Viską",
	"label.button.add": "Pridėti",
	"label.button.back": "Atgal",
	"label.button.attendance": "Lankomumas",
	"label.button.unassign": "Pašalinti",
	"label.button.advancesearch": "Išplėstinė Paieška",
	"label.button.enable": "Įjungti",
	"label.button.processing": "Apdorojama",
	"label.button.disable": "Išjungti",
	"label.button.collectionsheet": "Surinkimo Lapas",
	"label.button.submitandnextcenter": "Siųsti ir Kitas centras",
	"label.button.viewfullscreen": "Rodyti Per Visą Ekraną",
	"label.button.more": "Daugiau",
	"label.button.reject": "Atmesti",
	"label.button.suspend": "Sustabdyti",
	"label.button.pay": "Mokėti",
	"label.button.summary": "Santrauka",
	"label.button.updatedefaultsavings": "Atnaujinti Numatytąjį Taupymo",
	"label.button.submit": "Siųsti",
	"label.button.selectAll": "Pasirinkti visus",
	"label.button.deselectAll": "Atsisakyti Visų",
	"label.button.clientpayments": "Kliento Mokėjimai",
	"label.button.submitandprint": "Siųsti ir Spausdinti",
	"label.button.addjournalentry": "Pridėti Žurnalo Įrašus",
	"label.button.validate": "Patvirtinti",
	"label.button.dividends": "Dividendai",
	"label.button.proceed": "Tęsti",
	"label.uniquelyidentifiedwithid": "Unikaliai identifikuojama su id",
	"label.belongsto": "Priklauso",
	"label.memberof": "Narys",
	"label.createdby": "Sukūrė",
	"label.createdon": "Sukurta",
	"label.areyousure": "Ar tikrai?",
	"label.requiredfield": "Būtinas laukas",
	"label.all": "Visi",
	"currency.USD": "JAV Doleris",
	"currency.KES": "Kenijos Šilingai",
	"label.selectone": "Pasirinkite vieną",
	"label.requirefield": "Būtinas Laukas",
	"label.none": "Nieko",
	"label.savesuccessfully": "Sėkmingai Išsaugotas",
	"label.nodatafound": "Nebuvo rasta duomenų, susijusiu su įvestais paieškos parametrais.",
	"label.mustbenumeric": "Turi būti skaitinis",
	"label.percentage": "Procentas",
	"label.and": "ir",
	"label.message.password.expired": "Jūsų slaptažodis nebegalioja, prašome nustatyti savo slaptažodį iš naujo",
	"label.today": "Šiandien",
	"label.relDate": "FinCore Išleidimo Data:",
	"label.relVersion": "Išleidimo Versija:",
	"label.select": "Pasirinkite Variantą",
	"label.error": "Klaida",
	"error.connection.failed": "Nepavyko prisijungti prie serverio. Įsitikinkite, kad naudojate teisingus nustatymus.",
	"error.msg.command.unsupported": "Programuotojo klaida: duota `komanda` nėra palaikoma.",
	"error.msg.not.authorized": "Nepakankama teisių atlikti šį veiksmą.",
	"error.msg.column.mandatory": "Privalomas laukas nepateiktas.",
	"error.msg.header": "Turite šias klaidas:",
	"validation.msg.validation.errors.exist": "Egzistuoja tvirtinimo klaidos.",
	"validation.msg.productivecollectionsheet.staffId.cannot.be.blank": "Darbuotojai yra privalomi.",
	"validation.msg.invalid.date.format": "Neteisingas datos formatas.",
	"validation.msg.invalid.month.day": "`{{params[0].value}}` yra negalime mėnesio diena.",
	"validation.msg.missing.dateFormat.parameter": "Parametras „Datos Formatas“ būtinas.",
	"validation.msg.invalid.number.format": "`{{params[0].value}}` nėra galimas sveikasis skaičius.",
	"validation.msg.invalid.integer": "`{{params[0].value}}` nėra galimas sveikasis skaičius.",
	"validation.msg.invalid.integer.format": "`{{params[0].value}}` nėra galimas sveikasis skaičius.",
	"error.msg.document.file.too.big": "Jūs negalite įkelti failo didesnio nei 5 MB.",
	"validation.msg.document.fileName.cannot.be.blank": "Prašome pasirinkti failą.",
	"validation.msg.document.name.cannot.be.blank": "Prašome įvesti dokumento pavadinimą.",
	"resourceId.not.integer": "ID turėtų būti Sveikasis skaičius.",
	"error.msg.resource.not.found": "Pageidaujamas resursas yra neprieinamas.",
	"error.msg.code.identifier.not.found": "Kodas su identifikatoriumi `{{params[0].value}}` neegzistuoja.",
	"validation.msg.configuration.cannot.edit.consult.documentation": "Neredaguojama konfigūracija. Žiūrėkite dokumentaciją.",
	"error.msg.permission.code.invalid": "Leidimas su kodu `{{params[0].value}}` neegzistuoja.",
	"error.msg.role.id.invalid": "Vaidmuo su identifikatoriumi `{{params[0].value}}` neegzistuoja.",
	"error.msg.role.associated.with.users.deleted": "Vaidmuo, susijęs su vartotojais, negali būti ištrintas.",
	"error.msg.role.associated.with.users.disabled": "Vaidmuo, susijęs su vartotojais, negali būti išjungtas.",
	"error.msg.user.id.invalid": "Vartotojas su identifikatoriumi `{{params[0].value}}` neegzistuoja.",
	"error.msg.office.id.invalid": "Ofisas su identifikatoriumi `{{params[0].value}}` neegzistuoja.",
	"error.msg.fund.id.invalid": "Fondas su identifikatoriumi `{{params[0].value}}` neegzistuoja.",
	"error.msg.loan.id.is.invalid": "Paskola su identifikatoriumi `{{params[0].value}}` neegzistuoja.",
	"error.msg.calendar.id.invalid": "Kalendorius su identifikatoriumi `{{params[0].value}}` neegzistuoja.",
	"validation.msg.calendar.title.cannot.be.blank": "Pavadinimas yra privalomas.",
	"validation.msg.calendar.startDate.cannot.be.blank": "Pradžios data yra privaloma.",
	"validation.msg.calendar.typeId.cannot.be.blank": "Kalendoriaus tipas yra privalomas.",
	"validation.msg.calendar.recurrence.cannot.be.blank": "Pasikartojimas yra privalomas.",
	"validation.msg.calendar.description.cannot.be.blank": "Aprašymas negali būti tuščias.",
	"validation.msg.calendar.location.cannot.be.blank": "Vieta negali būti tuščia.",
	"validation.msg.calendar.endDate.cannot.be.blank": "Pabaigos data negali būti tuščia.",
	"validation.msg.calendar.repeating.cannot.be.blank": "Kartojimas negali būti tuščias.",
	"validation.msg.calendar.duration.cannot.be.blank": "Trukmė negali būti tuščia.",
	"validation.msg.calendar.remindById.cannot.be.blank": "Priminimo tipas negali būti tuščias.",
	"validation.msg.calendar.firstReminder.cannot.be.blank": "Pirmasis priminimas negali būti tuščias.",
	"validation.msg.calendar.secondReminder.cannot.be.blank": "Antrasis priminimas negali būti tuščias.",
	"error.msg.invalid.recurring.rule": "Kalendoriaus kartojimo taisyklė : `{{params[0].value}}` nėra galima.",
	"error.msg.calendar.collectionsheet.not.valid.recurring.date": "Pasirinkta kalendoriaus data nėra galima kartojimo data",
	"validation.msg.loan.calendarId.not.greater.than.zero": "Susitikimų Kalendorius yra privalomas.",
	"error.msg.calendar.update.of.meeting.type.is.not.supported": "Susitikimo tipo atnaujinimas nėra palaikomas.",
	"error.msg.calendar.update.of.meeting.frequency.is.not.supported": "Susitikimų dažnumo atnaujinimas nėra palaikomas.",
	"error.msg.calendar.update.of.meeting.interval.is.not.supported": "Susitikimų „Pasikartoja Kas“ atnaujinimas nėra palaikomas.",
	"validation.msg.meeting.meetingDate.cannot.be.blank": "Susitikimo data yra privaloma.",
	"validation.msg.meeting.calendarId.cannot.be.blank": "Susitikimų Kalendoriaus id yra privaloma.",
	"error.msg.calendar.meeting.not.valid.recurring.date": "Susitikimo data turėtų būti galima Kalendoriaus susitikimo data.",
	"error.msg.meeting.duplicate": "Susitikimas su data {{params[0].value}} jau egzistuoja.",
	"error.msg.meeting.date.cannot.be.a.future.date": "Susitikimo data negali būti ateityje.",
	"error.msg.entity.transfers.with.active.savings.accounts": "Negalima perkelti Klientų/Grupių, kurie turi aktyvias Taupomąsias sąskaitas",
	"error.msg.client.transfers.with.multiple.group.linkages": "Perkėlimas klientų, susijusiu su keliomis grupėmis, nėra palaikomas",
	"error.msg.client.transfers.with.active.accounts.between.groups.with.different.meeting.frequency": "Negalima perkelti Klientų su aktyviomis sąskaitomis tarp grupių, kurių susitikimų dažnumas skiriasi.",
	"error.msg.client.transfers.with.active.accounts.to.group.with.no.meeting.frequencys": "Negalima perkelti Kliento su aktyviomis sąskaitomis į grupes, kurios neturi susitikimų dažnumo",
	"error.msg.loan.submittal.cannot.be.before.client.transfer.date": " Paskolos pateikimo data negali būti ankstesnė nei kliento perkėlimo data ({{params[0].value}})",
	"error.msg.loan.approval.cannot.be.before.client.transfer.date": " Paskolos patvirtinimo data negali būti ankstesnė nei kliento perkėlimo data ({{params[0].value}})",
	"error.msg.loan.approval.cannot.be.undone.before.client.transfer.date": " Paskolos patvirtinimo data negali būti ankstesnė nei kliento perkėlimo data ({{params[0].value}})",
	"error.msg.loan.reject.cannot.be.before.client.transfer.date": " Paskolos atmetimo data negali būti ankstesnė nei kliento perkėlimo data ({{params[0].value}})",
	"error.msg.loan.withdraw.cannot.be.before.client.transfer.date": " Paskolos atsiėmimo data negali būti ankstesnė nei kliento perkėlimo data ({{params[0].value}})",
	"error.msg.loan.writeoff.cannot.be.undone.before.client.transfer.date": " Nurašymo data negali būti ankstesnė nei kliento perkėlimo data ({{params[0].value}})",
	"error.msg.loan.close.cannot.be.undone.before.client.transfer.date": " Paskolos gražinimo data negali būti ankstesnė nei kliento perkėlimo data ({{params[0].value}})",
	"error.msg.loan.repayment.or.waiver.account.is.not.active": "Paskolos sąskaita nėra aktyvi",
	"label.input.paymentdate": "Mokėjimo data",
	"label.heading.dashboard": "Prietaisų Skydelis",
	"label.heading.home": "Pradžia",
	"label.heading.welcome": "Sveiki atvykę",
	"label.heading.navigation.guide": "Gali naršyti FinCore naudodami",
	"label.heading.left.shortcuts": "sparčiuosius klavišus kairėje",
	"label.heading.top.menu": "meniu viršuje",
	"label.heading.right.search": "paieškos įrankį viršuje, dešinėje",
	"label.heading.pendingtasks": "Laukiančios Užduoty",
	"label.heading.madeondate": "Atlikimo Data",
	"label.heading.action": "Veiksmas",
	"label.heading.entity": "Subjektas",
	"label.heading.recentactivities": "Pastaroji veikla",
	"label.heading.frequentactivities": "Dažnai veikla",
	"label.heading.openedon": "Atidaryta",
	"label.heading.loantype": "Paskolos tipas",
	"label.heading.memberof": "Narys",
	"label.heading.clienttrendsfor": "Kliento tendencijos",
	"label.heading.firstname": "Vardas",
	"label.heading.lastname": "Pavardė",
	"label.heading.fullname": "Pavadinimas",
	"label.heading.mifosxclient": "FinCore Klientas",
	"label.heading.mifosx": "FinCore",
	"label.heading.uptodate": "FinCore yra atnaujintas",
	"label.heading.resources": "Resursai",
	"label.heading.community": "Bendruomenė",
	"label.heading.contribute": "Prisidėti",
	"label.heading.loginname": "Prisijungimo Vardas",
	"label.heading.userprofile": "Vartotojo Profilis",
	"label.heading.userid": "Vartotojo ID",
	"label.heading.username": "Vartotojo Vardas",
	"label.heading.keyboarshortcuts": "Spartieji Klavišai",
	"label.heading.navigation": "Navigacijos Puslapis",
	"label.heading.journalentry": "Žurnalo Įrašas",
	"label.heading.reports": "Pranešimai",
	"label.heading.saveorsubmit": "Išsaugoti/Siųsti Formas",
	"label.heading.cancel": "Atšaukti",
	"label.heading.runreport": "Paleisti Pranešimą",
	"label.heading.logout": "Atsijungti",
	"label.heading.search": "Ieškoti",
	"label.heading.help": "Pagalba",
	"label.heading.language": "Kalba",
	"label.heading.primaryemail": "Pagrindinis El. Paštas",
	"label.heading.categoryname": "Kategorijos pavadinimas",
	"label.menu.office": "Ofisas",
	"label.anchor.startpage": "Pradinis Puslapis",
	"label.anchor.homepage": "Pagrindinis Puslapis",
	"label.anchor.loginpage": "Prisijungimo Puslapis",
	"label.anchor.manageusers": "Tvarkyti Naudotojus",
	"label.anchor.manageroles": "Tvarkyti Vaidmenis",
	"label.anchor.logout": "Atsijungti",
	"label.anchor.home": "Pradžia",
	"label.anchor.all": "Visi",
	"label.anchor.loans": "Paskolos",
	"label.anchor.savings": "Taupymas",
	"label.anchor.funds": "Lėšos",
	"label.anchor.admin": "Administratorius",
	"label.anchor.reports": "Pranešimai",
	"label.anchor.profile": "Profilis",
	"label.anchor.settings": "Nustatymai",
	"label.anchor.navigation": "Navigacija",
	"label.anchor.client": "Klientas",
	"label.anchor.group": "Grupė",
	"label.anchor.center": "Centras",
	"label.anchor.addjournalentries": "Pridėti Žurnalo Įrašus",
	"label.anchor.usermanual": "Naudotojo Vadovas",
	"label.anchor.functionalspec": "Funkcinės Specifikacijos",
	"label.anchor.developerzone": "Kūrėjo Zona",
	"label.anchor.usersgroup": "Vartotojo Grupė",
	"label.anchor.developergroup": "Kūrėjo Grupė",
	"label.anchor.keydesignprinciples": "Pagrindiniai dizaino principai",
	"label.anchor.workingwithcode": "Dirbama su kodu",
	"label.anchor.donate": "Aukoti",
	"label.anchor.irc": "IRC",
	"label.anchor.dashboard": "Valdymo Skydas",
	"label.anchor.help": "Pagalba",
	"label.anchor.about": "Apie",
	"label.anchor.advsearch": "Išplėstinė paieška",
	"label.anchor.keyboardshortcut": "Spartieji Klavišai",
	"label.anchor.save": "Išsaugoti",
	"label.input.searchbyuser": "Ieškoti pagal vartotoją",
	"label.input.searchactivities": "Ieškoti veiklų",
	"label.input.additionalinformation": "Papildoma informacija",
	"label.input.changelanguage": "Keisti kalbą:",
	"label.search.scope.all": "Visi",
	"label.search.scope.clients.and.clientIdentifiers": "Klientai",
	"label.search.scope.groups.and.centers": "Grupės",
	"label.search.scope.savings": "Santaupos",
	"label.search.scope.shares": "Pasidalinimai",
	"label.button.login": "Prisijungti",
	"label.button.approve": "Patvirtinti",
	"label.button.offices": "Ofisai",
	"label.button.centers": "Centrai",
	"label.button.groups": "Grupės",
	"label.button.clients": "Klientai",
	"label.button.week": "Savaitė",
	"label.button.month": "Mėnuo",
	"label.button.day": "Diena",
	"label.button.signin": "Prisijungti",
	"label.button.resetPassword": "Atstatyti Slaptažodį",
	"label.button.viewpermissions": "Žiūrėti Leidimus",
	"label.nodata": "Nėra Duomenų",
	"label.notactivated": "Neaktyvuota",
	"label.unassigned": "Nepriskirta",
	"label.searchorpress": "Spustelėkite ant arba paspauskite alt+x Paieškai",
	"label.search.query.matched.results.exceeds.max.length": "Paieškos užklausa gražino daugiau nei 200 įrašų, rodomi pirmi 200.",
	"label.heading.address": "Adresas",
	"label.heading.uniqueidentification": "Unikalus ID #",
	"label.heading.identitydocs": "Asmens Tapatybės Dokumentai",
	"label.heading.filename": "Failo Pavadinimas",
	"label.heading.templates": "Šablonai",
	"label.heading.documents": "Dokumentai",
	"label.heading.editclient": "Redaguoti Klientą",
	"label.heading.uploadclientdocument": "Įkelti Kliento Dokumentą",
	"label.heading.groupclosed": "Grupė Uždaryta",
	"label.heading.clientid": "Kliento ID",
	"label.heading.createclient": "Kurti Klientą",
	"label.heading.selectclientimage": "Pasirinkti Kliento Vaizdą",
	"label.heading.captureclientimage": "Užfiksuoti Kliento Vaizdą",
	"label.heading.deleteclientimage": "Ištrinti Kliento Vaizdą",
	"label.heading.selectclientsignature": "Pasirinkti Kliento Parašą",
	"label.heading.clientsignature": "Kliento Parašas",
	"label.heading.clientno": "Kliento #",
	"label.heading.clientclosed": "Klientas Uždarytas",
	"label.heading.clientrejected": "Klientas Atmestas",
	"label.heading.withdrawn": "Klientas Atsiimtas",
	"label.anchor.clients": "Klientai",
	"label.anchor.createclient": "Kurti Klientą",
	"label.anchor.viewclient": "Žiūrėti Klientą",
	"label.anchor.transferclient": "Perkelti Klientą",
	"label.anchor.editclient": "Redaguoti Klientą",
	"label.anchor.uploaddocument": "Įkelti Dokumentą",
	"label.anchor.reactivate": "Aktyvuoti iš naujo",
	"label.anchor.undoReject": "Anuliuoti Atmetimą",
	"label.anchor.undoWithdrawn": "Anuliuoti Atsiėmimą",
	"label.input.selectclientimage": "Pasirinkti kliento vaizdą",
	"label.input.selectfile": "Pasirinkti failą",
	"label.input.documenttype": "Dokumento Tipas",
	"label.input.status": "Būsena",
	"label.input.uniqueidentification": "Unikalus ID #",
	"label.input.mobilenumber": "Mobilaus telefono numeris",
	"label.input.client.activationdate": "Aktyvavimo data",
	"label.input.client.creationdate": "Sukūrimo data",
	"label.input.rejectiondate": "Atmetimo data",
	"label.input.rejectionreason": "Atmetimo priežastis",
	"label.input.reactivationdate": "Aktyvavimo iš naujo data",
	"label.input.withdrawaldate": "Atsiėmimo data",
	"label.input.withdrawalreason": "Atsiėmimo priežastis",
	"label.input.clientName": "Kliento Vardas",
	"label.input.clientId": "Kliento Id",
	"label.input.reopeneddate": "Atidarymo Iš Naujo Data",
	"label.button.createclient": "Kurti Klientą",
	"label.button.print": "Spausdinti",
	"label.button.viewprint": "Generuoti Pranešimą",
	"label.button.loandetails": "Paskolos Informacija",
	"label.button.upload": "Įkelti",
	"label.button.capture": "Fiksuoti",
	"label.button.viewclosedloans": "Žiūrėti Uždarytas Paskolas",
	"label.button.uploadpic": "Įkelti Kliento Vaizdą",
	"label.button.capturepic": "Užfiksuoti Kliento Vaizdą",
	"label.button.deletepic": "Ištrinti Kliento Vaizdą",
	"label.button.uploadsig": "Įkelti Kliento Parašą",
	"label.button.viewsig": "Žiūrėti Kliento Parašą",
	"label.button.viewactiveloans": "Žiūrėti Aktyvias Paskolas",
	"label.button.chargesoverview": "Mokesčių apžvalga",
	"label.button.reactivate": "Aktyvuoti iš naujo",
	"label.button.ok": "GERAI",
	"label.button.reset": "Atstatyti",
	"label.button.clear": "Išvalyti",
	"label.button.undoReject": "Anuliuoti Atmetimą",
	"label.button.undoWithdrawn": "Anuliuoti Atsiėmimą",
	"label.numofloancycles": "# paskolos ciklų",
	"label.lastloanamount": "Paskutinės paskolos suma",
	"label.numofactiveloans": "aktyvių paskolų #",
	"label.totalsavings": "Viso santaupų",
	"label.zoom": "Rodyti Didesnę",
	"label.showClientSignature": "Žiūrėti Kliento Parašą",
	"label.noClientSignature": "Kliento Parašas nepateiktas",
	"client.search.not.allowed": "Neleidžiama Naudoti Kliento Paiešką.",
	"loan.search.not.allowed": "Neleidžiama Naudoti Paskolos Paieškos.",
	"clientStatusType.pending": "Laukiama",
	"clientStatusType.active": "Aktyvus",
	"clientStatusType.closed": "Uždarytas",
	"clientStatusType.invalid": "Neteisingas",
	"clientStatusType.transfer.in.progress": "Perkėlimas Vyksta",
	"clientStatusType.transfer.on.hold": "Perkėlimas Sulaikytas",
	"validation.msg.client.officeId.cannot.be.blank": "Ofisas yra privalomas.",
	"validation.msg.client.id.no.name.details.passed": "Informacija, susijusi su kliento vardu, yra privaloma ir nebuvo pateikta.",
	"validation.msg.client.firstname.cannot.be.blank": "Vardas yra privalomas",
	"validation.msg.client.lastname.cannot.be.blank": "Pavardė yra privaloma.",
	"validation.msg.client.fullname.cannot.be.blank": "Vardas ir pavardė yra privalomi.",
	"validation.msg.client.no.parameters.for.update": "Niekas nepasikeitė. Paspauskite Atšaukti.",
	"validation.msg.client.staffId.cannot.be.blank": "Prašome Pasirinkti darbuotojus.",
	"error.msg.client.member.of.group.and.cannot.update.office": "Klientas yra grupės narys, todėl turite atnaujinti grupės ofisą.",
	"error.msg.clients.activationDate.cannot.be.before.office.activation.date": "Kliento aktyvavimo data negali būti prieš ofiso atidarymo datą.",
	"error.msg.client.duplicate.externalId": "Klientas su išoriniu id `{{params[0].value}}` jau egzistuoja.",
	"error.msg.client.duplicate.accountNo": "Klientas su paskyros nr. `{{params[0].value}}` jau egzistuoja.",
	"error.msg.client.id.invalid": "Klientas neegzistuoja.",
	"error.msg.client.not.active.exception": "Klientas su id `{{params[0].value}}` nėra aktyvus.",
	"validation.msg.clientIdentifier.documentKey.cannot.be.blank": "Identifikacijos # privalomas.",
	"validation.msg.clientIdentifier.documentTypeId.cannot.be.blank": "Asmens tapatybės dokumento tipas yra privalomas.",
	"error.msg.clientIdentifier.type.duplicate": "Aktyvaus kliento tapatybės dokumento tipas `{{params[0].value}}` jau egzistuoja šiam klientui.",
	"error.msg.image.type.upload": "Tik GIF, PNG ar JPG failų tipai yra leidžiami.",
	"validation.msg.clientImage.cannot.be.blank": "Prašome pasirinkti paveikslėlį įkėlimą.",
	"validation.msg.note.note.cannot.be.blank": "Pastaba privaloma.",
	"validation.msg.note.note.exceeds.max.length": "Pastaba negali būti ilgesnė nei {{params[0].value}} simboliai.",
	"validation.msg.client.closureDate.cannot.be.blank": "Uždarymo data negali būti tuščia.",
	"error.msg.client.close.date.cannot.before.loan.closed.date": "Kliento uždarymo data negali būti prieš uždarytos paskolos datą.",
	"error.msg.client.close.loan.non-closed": "Klientas negali būti uždarytas dėl neuždarytų skolų.",
	"error.msg.client.close.date.cannot.before.client.actvation.date": "Kliento uždarymo data negali būti prieš kliento aktyvavimo datą.",
	"error.msg.client.close.is.under.transfer": "Klientas, kuris yra Perkeliamas, negali būti uždarytas",
	"error.msg.clients.submittedOnDate.after.activation.date": "Pateikimo data negali būti prieš aktyvavimo datą",
	"validation.msg.client.closureReasonId.cannot.be.blank": "Uždarymo priežastis negali būti tuščia",
	"error.msg.client.reopened.date.cannot.before.client.rejected.date": "Atidarymo iš naujo Data negali būti prieš Kliento Atmetimo Datą",
	"error.msg.client.reopened.date.cannot.before.client.withdrawal.date": "Atidarymo iš naujo Data negali būti prieš Kliento Atsiėmimo Datą",
	"error.msg.clients.submittedOnDate.after.reopened.date": "Aktyvavimo Data negali būti prieš Atidarymo iš naujo Datą",
	"error.msg.client.rejection.date.cannot.before.client.submitted.date": "Atmetimo Data negali būti prieš Pateikimo Datą",
	"error.msg.client.withdrawal.date.cannot.before.client.submitted.date": "Atsiėmimo Data negali būti prieš Pateikimo Datą",
	"validation.msg.client.rejectionReasonId.cannot.be.blank": "Kliento Atmetimo priežastis negali būti tuščia",
	"validation.msg.client.withdrawalReasonId.cannot.be.blank": "Kliento Atsiėmimo priežastis negali būti tuščia",
	"validation.msg.client.rejectionDate.cannot.be.blank": "Kliento Atmetimo Data negali būti tuščia",
	"validation.msg.client.withdrawalDate.cannot.be.blank": "Kliento Atsiėmimo Data negali būti tuščia",
	"label.heading.addmember": "Pridėti Narį",
	"label.heading.addrole": "Pridėti Vaidmenį",
	"label.heading.repeatdetails": "Kartoti Informaciją",
	"label.heading.meetingdetails": "Susitikimo Informacija",
	"label.heading.creategroup": "Kurti Grupę",
	"label.heading.editgroup": "Redaguoti Grupę",
	"label.heading.managemembers": "Tvarkyti Narius",
	"label.heading.associatenewmembers": "Susieti Naujus Narius",
	"label.heading.groupmembers": "Grupės Nariai",
	"label.heading.transferclientsbetweengroups": "Perkelti Klientą tarp Grupių",
	"label.heading.destinationgroupdetails": "Paskirties Grupės Informacija",
	"label.heading.nextmeetingon": "Kitas susitikimas",
	"label.heading.meetingfrequency": "Susitikimų Dažnis",
	"label.heading.groupaccounts": "Grupės Sąskaitos",
	"label.heading.committee": "Komitetas",
	"label.heading.role": "Vaidmuo",
	"label.heading.center": "Centras",
	"label.heading.attachmeeting": "Pridėti Susitikimą",
	"label.heading.editmeeting": "Redaguoti Susitikimą",
	"label.menu.selectoffice": "Pasirinkti Ofisą",
	"label.menu.selectloanproducts": "Pasirinkti Paskolos Produktus",
	"label.menu.selectstaff": "Pasirinkti Darbuotojus",
	"label.menu.selectgroup": "Pasirinkti Grupę",
	"label.menu.gender": "Pasirinkti Lytį",
	"label.anchor.groups": "Grupės",
	"label.anchor.viewgroup": "Žiūrėti Grupę",
	"label.anchor.attachmeeting": "Pridėti Susitikimą",
	"label.anchor.editmeeting": "Redaguoti Susitikimą",
	"label.anchor.creategroup": "Kurti Grupę",
	"label.input.role": "Vaidmuo",
	"label.input.meetingstartdate": "Susitikimo pradžios datą",
	"label.input.calendar.changes.effective.from": "aukščiau esantys pakeitimai galioja nuo",
	"label.input.meetingdate": "Susitikimo data",
	"label.input.repeats": "Kartojasi",
	"label.input.repeatsevery": "Kartojasi kas",
	"label.input.addclients": "Pridėti klientus",
	"label.input.availableclients": "Galimi klientai",
	"label.input.selectedclients": "Pasirinkti klientai",
	"label.input.destinationgroup": "Paskirties grupė",
	"label.input.searchformember": "Ieškoti Nario",
	"label.input.existingmeetingdates": "Egzistuojanti Susitikimo Informacija",
	"label.input.revisedmeetingdates": "Peržiūrėta Susitikimo Data",
	"label.input.error": "Klaida",
	"label.input.invaliddaterange": "Prašome Pasirinkti Tinkamą Datų Diapazoną",
	"label.button.creategroup": "Kurti Grupę",
	"label.button.grouploanapplication": "Grupės Paskolos Paraiška",
	"label.button.disassociatemember": "Atsieti Narį",
	"label.button.associatemember": "Susieti Narį",
	"label.button.managemembers": "Tvarkyti Narius",
	"label.button.transferclients": "Perkelti Klientus",
	"label.button.attachmeeting": "Pridėti Susitikimą",
	"label.button.editcalendarbasedonmeetingdates": "Keisti Ateities Susitikimus",
	"label.nextmeetingon": "Kitas susitikimas",
	"label.numofactiveclient": "Aktyvūs Klientai:",
	"label.numofactivegrouploans": "Aktyvios Grupės Paskolos:",
	"label.numofactiveclientloans": "Aktyvios Kliento Paskolos:",
	"label.numofactivegroupborrowers": "Aktyvūs Grupės Skolininkai:",
	"label.nextmettingon": "Kitas susitikimas",
	"label.selectgroup": "Pasirinkti grupę",
	"label.selectstaff": "Pasirinkti darbuotojus",
	"label.active": "Aktyvus",
	"groupingStatusType.pending": "Laukiama",
	"groupingStatusType.active": "Aktyvus",
	"groupingStatusType.closed": "Uždarytas",
	"error.msg.client.attach.to.group.invalid.office": "Grupė ir jos klientai turi priklausyti tam pačiam ofisui.",
	"validation.msg.group.clientMembers.cannot.be.empty": "Nėra pasirinktų klientui susiejimui su grupe.",
	"error.msg.group.activate.date.cannot.be.before.office.activation.date": "Grupės aktyvavimo data negali būti prieš ofiso aktyvavimo datą.",
	"validation.msg.group.staffId.cannot.be.blank": "Prašome pasirinkti darbuotojus.",
	"error.msg.group.not.active.exception": "Grupė su id `{{params[0].value}}` nėra aktyvi.",
	"validation.msg.calendar.cannot.be.before.groups.activation.date": "Susitikimo data negali būti prieš grupės aktyvavimo datą",
	"error.msg.Group.close.active.clients.exist": "Negalima uždaryti. Grupė turi klientų",
	"label.heading.addgroup": "Pridėti Grupę",
	"label.heading.createcenter": "Kurti Centrą",
	"label.heading.editcenter": "Redaguoti Centrą",
	"label.heading.centerclosed": "Centras Uždarytas",
	"label.heading.groups": "Grupės",
	"label.heading.groupdetails": "Grupės Informacija",
	"label.heading.managegroups": "Tvarkyti Grupes",
	"label.heading.associatenewgroups": "Susieti Naujas Grupes",
	"label.heading.centermembers": "Centro Nariai (Grupės)",
	"label.heading.group": "Grupė",
	"label.anchor.centers": "Centrai",
	"label.anchor.viewcenter": "Žiūrėti Centrą",
	"label.anchor.createcenter": "Kurti Centrą",
	"label.anchor.editcenter": "Redaguoti Centrą",
	"label.anchor.managegroups": "Tvarkyti Grupes",
	"label.button.createcenter": "Kurti Centrą",
	"label.button.managegroups": "Tvarkyti Grupes",
	"label.input.select.groups": "Pasirinkti ir pridėti grupes",
	"label.input.searchforgroup": "Ieškoti Grupės",
	"label.input.searchByNameExternalId": "Rasti pagal vardą/išorinįid",
	"label.selectcenter": "Pasirinkti centrą",
	"label.selectclients": "Pasirinkti klientus",
	"error.msg.group.duplicate.externalId": "Grupė su išoriniu id `{{params[0].value}}` jau egzistuoja.",
	"error.msg.center.duplicate.externalId": "Centras su išoriniu id `{{params[0].value}}` jau egzistuoja.",
	"error.msg.group.duplicate.name": "Grupė su pavadinimu '{{params[0].value}}' jau egzistuoja",
	"error.msg.center.duplicate.name": "Centras su pavadinimu `{{params[0].value}}` jau egzistuoja.",
	"validation.msg.group.name.cannot.be.blank": "Pavadinimas yra privalomas.",
	"validation.msg.group.officeId.cannot.be.blank": "Ofisas yra privalomas.",
	"error.msg.center.activate.date.cannot.be.before.office.activation.date": "Centro aktyvavimo data negali būti prieš ofiso aktyvavimo datą.",
	"error.msg.center.not.active.exception": "Centras su id `{{params[0].value}}` nėra aktyvus.",
	"error.msg.Center.close.active.groups.exist": "Negali uždaryti. Egzistuoja aktyvios grupės",
	"validation.msg.calendar.cannot.be.before.centers.activation.date": "Susitikimo data negali būti prieš centro aktyvavimo datą",
	"label.heading.addjournalentries": "Pridėti Žurnalo Įrašus",
	"label.heading.searchjournalentries": "Ieškoti Žurnalų Įrašų",
	"label.heading.glcode": "GL Kodas",
	"label.heading.acctype": "Sąskaitos Tipas",
	"label.heading.manualentriesallowed": "Rankiniai Įrašai Leidžiami",
	"label.heading.usedas": "Naudojama kaip",
	"label.heading.createglaccount": "Kurti GL Sąskaitą",
	"label.heading.editglaccount": "Redaguoti GL Sąskaitą",
	"label.heading.addjournalentry": "Pridėti Žurnalo Įrašą",
	"label.heading.viewjournalentry": "Žiūrėti Žurnalo Įrašą",
	"label.heading.credittags": "Kredito žymės",
	"label.heading.creditaccount": "Kredito Sąskaita",
	"label.heading.creditaccountdetails": "Kredito Sąskaitos Informacija",
	"label.heading.closuredate": "Uždarymo Data",
	"label.heading.closedby": "Uždarė",
	"label.heading.closurecreationdate": "Uždarymo Sukūrimo Data",
	"label.heading.transactionnumber": "Pavedimo Numeris",
	"label.heading.tag": "Žymė",
	"label.heading.accountusage": "Sąskaitos Naudojimas",
	"label.heading.viewaccounttransferdetails": "Žiūrėti Sąskaitos Perkėlimo Informaciją",
	"label.heading.transactiondetails": "Operacijos Duomenys",
	"label.heading.transactionamount": "Operacijos Suma",
	"label.heading.transferredto": "Pervesta į",
	"label.heading.transferringfrom": "Pervedimo Iš Duomenys",
	"label.heading.accounttransfers": "Sąskaitos Pervedimai",
	"label.heading.applicant": "Pareiškėjas",
	"label.heading.fromaccount": "Iš Sąskaitos",
	"label.heading.fromaccounttype": "Iš Sąskaitos Tipo",
	"label.heading.fromClient": "Iš Kliento",
	"label.heading.toClient": "Klientui",
	"label.heading.executionTime": "Vykdymo Laikas",
	"label.heading.currency": "Valiuta",
	"label.heading.transferringto": "Pervedama į",
	"label.heading.createclosure": "Kurti Uždarymą",
	"label.heading.financialactivity.accountmappings": "Sąskaitos Susietos su Finansine Veikla",
	"label.heading.financial.activity.type": "Finansinė Veikla",
	"label.heading.financial.activity.account.name": "Sąskaitos Pavadinimas",
	"label.heading.transferredfrom": "Pervesta Iš",
	"label.heading.createdby": "Sukūrė",
	"label.heading.createdon": "Sukurta",
	"label.heading.journalentry.created": "Žurnalo Įrašas Sukurtas",
	"label.heading.viewreport": "Žiūrėti ataskaitą",
	"label.heading.viewjournals": "Peržiūrėti žurnalo įrašus",
	"label.heading.entryid": "Įrašo ID",
	"label.heading.amounttobereserved": "Kiekis rezervuoti",
	"label.heading.financialactivity": "Finansinė Veikla",
	"validation.msg.periodicaccrual.accrueTill.is.greater.than.date": "Data negali būti ateityje",
	"label.heading.daterange": "Datos Intervalas",
	"label.menu.filterbyoffice": "Filtruoti pagal ofisą",
	"label.anchor.accounting": "Buhalterija",
	"label.anchor.accountsclosure": "Sąskaitos Uždarymas",
	"label.anchor.addrule": "Pridėti Taisyklę",
	"label.anchor.createclosure": "Kurti Uždarymą",
	"label.anchor.createglaccount": "Kurti GL Sąskaitą",
	"label.anchor.addjournalentry": "Pridėti Žurnalo Įrašą",
	"label.anchor.searchjournalentries": "Ieškoti Žurnalų Įrašų",
	"label.anchor.accountclosure": "Sąskaitos Uždarymas",
	"label.anchor.viewclosure": "Žiūrėti Uždarymą",
	"label.anchor.viewtransaction": "Žiūrėti Pavedimą",
	"label.anchor.viewaccounttransferdetails": "Žiūrėti Sąskaitos Perkėlimo Informaciją",
	"label.anchor.accounttransfers": "Sąskaitos Pervedimai",
	"label.anchor.journalentries": "Žurnalo Įrašai",
	"label.anchor.viewjournalentries": "Žiūrėti Žurnalo Įrašus",
	"label.input.credit": "Kreditas",
	"label.input.debit": "Debetas",
	"label.input.creditruletype": "Kredito taisyklės tipas",
	"label.input.account": "Sąskaita",
	"label.input.list": "Sąskaitų Sąrašas",
	"label.input.availablecredittags": "Galimos kredito žymos",
	"label.input.selectedcredittags": "Pasirinktos kredito žymės",
	"label.input.allowMultipleCreditEntries": "Leisti kelis kredito įrašus",
	"label.input.previouslyclosedon": "Ankščiau uždaryta",
	"label.input.closingdate": "Uždarymo data",
	"label.input.filterclosuresbyoffice": "Filtruoti Pagal Ofisą",
	"label.input.accountname": "Sąskaitos pavadinimas",
	"label.input.selectaccountnameorcode": "Pasirinkite Sąskaitos pavadinimą Arba Kodą",
	"label.input.accounttype": "Sąskaitos tipas",
	"label.input.tag": "Žyma",
	"label.input.accountusage": "Sąskaitos naudojimas",
	"label.input.manualentriesallowed": "Rankiniai įrašai leidžiami",
	"label.input.currency": "Valiuta",
	"label.input.searchbytransaction": "Ieškoti pagal pavedimą",
	"label.input.additionalfilter": "Papildomas filtras",
	"label.input.transactionid": "Pavedimo ID",
	"label.input.entryid": "Įrašo ID",
	"label.input.financial.activity.type": "Finansinė veikla",
	"label.input.smsprovider": "SMS Teikėjas",
	"journalEntryType.credit": "Kreditas",
	"journalEntrytType.debit": "Debetas",
	"label.button.addAddress": "Pridėti Adresą",
	"label.button.listview": "Sąrašo Rodinys",
	"label.button.treeview": "Medžio Rodinys",
	"label.button.addaccount": "Pridėti Sąskaitą",
	"label.button.addrule": "Pridėti Taisyklę",
	"label.button.createclosure": "Kurti Uždarymą",
	"label.button.redirecttonewtrx": "Peradresuoti į Naujus Pervedimus",
	"label.button.expand.all": "Išskleisti Visus",
	"label.button.collapse.all": "Suskleisti Visus",
	"label.advancesearchoptionforjournalentries": "Išplėsta paieškos pasirinktis, skirta žurnalo įrašams",
	"label.listoftheaccountsusedbytheorganization": "Sąrašas sąskaitų, kurias naudoja organizacija",
	"label.alloffice": "Visi ofisai",
	"label.selectoffice": "Pasirinkti ofisą",
	"label.selecttag": "Pasirinkti žymę",
	"label.selectcurrency": "Pasirinkti valiutą",
	"label.selectcredit": "Pasirinkti kreditą",
	"label.selectfilter": "Pasirinkti filtrą",
	"label.transactionisreversedonce": "Pavedimas buvo atšauktas",
	"accountType.loan": "Paskolos Sąskaitą",
	"accountType.savings": "Taupomoji Sąskaita",
	"accountType.income": "Pajamos",
	"accountType.expense": "Išlaidos",
	"validation.msg.accounttransfer.transferDate.cannot.be.blank": "Pavedimo data yra privaloma.",
	"validation.msg.accounttransfer.transferAmount.cannot.be.blank": "Pavedimo suma yra privaloma.",
	"validation.msg.accounttransfer.transferAmount.not.greater.than.zero": "Pavedimo suma turi būti didesnė už nulį.",
	"validation.msg.accounttransfer.transferDescription.cannot.be.blank": "Pavedimo aprašymas yra privalomas.",
	"validation.msg.GLJournalEntry.transactionDate.cannot.be.blank": "Prašome pasirinkti Pavedimo datą.",
	"validation.msg.GLJournalEntry.officeId.cannot.be.blank": "Prašome pasirinkti Ofisą.",
	"validation.msg.GLJournalEntry.currencyCode.cannot.be.blank": "Prašome pasirinkti valiutą",
	"label.heading.reportdetails": "Ataskaitos Informacija",
	"label.heading.reportparameters": "Ataskaitos Parametrai",
	"label.heading.parameter": "Parametras",
	"label.heading.usereport": "Naudoti Ataskaitą",
	"label.heading.reportname": "Ataskaitos Pavadinimas",
	"label.heading.reporttype": "Ataskaitos Tipas",
	"label.heading.reportcategory": "Ataskaitos Kategorija",
	"label.heading.userreport": "Vartotojo Ataskaita",
	"label.heading.incomes": "Pajamos",
	"label.anchor.managereports": "Tvarkyti Ataskaitas",
	"label.anchor.createreport": "Sukurti Ataskaitą",
	"label.anchor.editreport": "Redaguoti Ataskaitą",
	"label.input.showreport": "Normalus formatas",
	"label.input.exportexcel": "Excel formatas",
	"label.input.exportexcel2": "Excel 2007 formatas",
	"label.input.exportcsv": "CSV formatas",
	"label.input.pdfformat": "PDF formatas",
	"label.input.reportname": "Ataskaitos pavadinimas",
	"label.input.reporttype": "Ataskaitos tipas",
	"label.input.reportcategory": "Ataskaitos kategorija",
	"label.input.usereport": "Naudoti ataskaitą",
	"label.input.piechart": "Skritulinė Diagrama",
	"label.input.barchart": "Stulpelinė Diagrama",
	"label.button.createreport": "Sukurti Ataskaitą",
	"label.button.parameters": "Parametrai",
	"label.button.exportcsv": "Eksportuoti CSV",
	"label.button.export": "Eksportuoti",
	"label.selectallowedparameter": "Pasirinkti leidžiamą parametrą",
	"startDateSelect": "Pradžios Data",
	"endDateSelect": "Pabaigos Data",
	"OfficeIdSelectOne": "Pasirinkti Ofisą",
	"currencyIdSelectAll": "Pasirinkti Valiutą",
	"loanProductIdSelectAll": "Pasirinkti Paskolos Produktą",
	"loanPurposeIdSelectAll": "Pasirinkite Paskolos Paskirtį",
	"parTypeSelect": "Pasirinkti PAR Tipą",
	"validation.msg.report.reportName.cannot.be.blank": "Ataskaitos pavadinimas turi būti įvestas",
	"validation.msg.report.reportType.cannot.be.blank": "Ataskaitos Tipas turi būti įvestas",
	"validation.msg.report.reportType.is.not.one.of.expected.enumerations": "Ataskaitos Tipas negalimas",
	"validation.msg.report.reportSql.must.be.provided.when.reportType.is.Table": "Ataskaitos užklausa turi būti pateikta",
	"validation.msg.report.reportSql.must.be.provided.when.reportType.is.Chart": "Ataskaitos užklausa turi būti pateikta",
	"error.message.report.parameter.required": "Reikalingas `{{params[0].value}}` parametras",
	"error.message.report.invalid.value.for.parameter": "Negalima reikšmė lauke `{{params[0].value}}`",
	"error.message.report.parameter.invalid": "Parametras`{{params[0].value}}` nepalaikomas",
	"error.message.report.incorrect.values.for.date.fields": "Reikšmės, įvestos kaip datos, negalimos",
	"error.message.report.type.is.invalid": "Ataskaitos tipas `{{params[0].value}}` yra nepalaikomas",
	"label.heading.issuewithdrawals": "Problema/Atsiėmimas",
	"label.heading.borrowername": "Skolininko Vardas",
	"label.heading.groups/clients": "Grupės/Klientai",
	"label.heading.loanpurpose": "Paskolos Paskirtis",
	"label.heading.loanaccountnum": "Paskolos sąskaita#",
	"label.heading.loanproduct": "Paskolos Produktas",
	"label.heading.uploaddocument": "Įkelti Dokumentą",
	"label.heading.editloanaccount": "Redaguoti Paskolos Sąskaitą",
	"label.heading.value": "Reikšmė",
	"label.heading.loanamountandbalance": "Paskolos Suma ir Balansas",
	"label.heading.days": "Dienos",
	"label.heading.total": "Viso",
	"label.heading.clientdetails": "Kliento Informacija",
	"label.heading.approveloanaccount": "Patvirtinti Paskolos Sąskaitą",
	"label.heading.rejectloanaccount": "Atmesti Paskolos Sąskaitą",
	"label.heading.withdrawloanaccount": "Atsiimti Paskolos Sąskaitą",
	"label.heading.undoapproveloanaccount": "Anuliuoti Paskolos Sąskaitą Patvirtinimą",
	"label.heading.closeloanaccount": "Uždaryti Paskolos Sąskaitą",
	"label.heading.clientspecificdata": "Konkretaus Kliento Informaciją",
	"label.heading.loanapplication": "Naujos Paskolos Paraiška",
	"label.heading.approvedamount": "Patvirtinta Suma",
	"label.heading.proposedamount": "Siūloma Suma",
	"label.heading.interest": "Palūkanos",
	"label.heading.submittedondate": "Pateikta",
	"label.heading.approvedondate": "Patvirtinta",
	"label.heading.relationship": "Ryšis",
	"label.heading.dob": "Gimimo Data",
	"label.heading.city": "Miestas",
	"label.heading.zip": "Zip",
	"label.heading.mobile": "Mobilusis",
	"label.heading.residence": "Gyvenamoji vieta",
	"label.heading.joindate": "Prisijungimo Data",
	"label.heading.original": "Originalus",
	"label.heading.penalties": "Sankcijos",
	"label.heading.repaymentschedule": "Grąžinimo Grafikas",
	"label.heading.futureschedule": "Ateities Grafikas",
	"label.heading.originalschedule": "Originalus Grafikas",
	"label.heading.loandocuments": "Paskolos Dokumentai",
	"label.heading.transactions": "Pavedimai",
	"label.heading.writtenoff": "Nurašyta",
	"label.heading.penalities": "Sankcijos",
	"label.heading.loan.balance": "Paskolos Balansas",
	"label.heading.inadvance": "Iš Anksto",
	"label.heading.late": "Vėlai",
	"label.heading.editloanaccounttransaction": "Redaguoti Pavedimą",
	"label.heading.configurableAttributes": "Konfigūruojamos Sąlygos ir Nustatymai",
	"label.heading.rescheduleloan": "Perplanuoti paskolą",
	"label.heading.reschulerequest": "Atidėti Prašymą#",
	"label.heading.campaign": "Kampanija",
	"label.anchor.viewloanaccount": "Žiūrėti Paskolos Sąskaitą",
	"label.anchor.repaymentinfo": "Grąžinimo Informacija",
	"label.anchor.backtoloaninfo": "Grįžti prie paskolos informacijos",
	"label.anchor.approve": "Patvirtinti",
	"label.anchor.reject": "Atmesti",
	"label.anchor.withdrawnByApplicant": "Atsiimta Pareiškėjo",
	"label.anchor.withdraw": "Atsiimti",
	"label.anchor.undoapproval": "Anuliuoti Patvirtinimą",
	"label.anchor.repayment": "Grąžinimas",
	"label.anchor.writeoff": "Nurašyti",
	"label.anchor.viewschedule": "Tvarkaraštis",
	"label.anchor.loanapplication": "Naujos Paskolos Paraiška",
	"label.anchor.modifyloanapplication": "Keisti Paskolos Paraišką",
	"label.anchor.rescheduleLoan": "Perplanuoti paskolą",
	"label.anchor.reschedulerequest": "Perplanuoti prašymą",
	"label.input.grouptotal": "Iš viso Grupės",
	"label.input.centertotal": "Iš viso Centro",
	"label.input.relationship": "Ryšiai",
	"label.input.address": "Adresas",
	"label.input.city": "Miestas",
	"label.input.zip": "Zip",
	"label.input.mobile": "Mobilusis",
	"label.input.residence": "Gyvenamosios vietos telefonas #",
	"label.input.purpose": "Tikslas",
	"label.input.loanterm": "Paskolos terminas",
	"label.input.value": "Vertė",
	"label.input.existingclient": "Egzistuojanti klientas",
	"label.input.approvedondate": "Patvirtinta",
	"label.input.rejectedondate": "Atmesta",
	"label.input.withdrawnondate": "Atsiimta",
	"label.input.writeoffondate": "Nurašyta",
	"label.input.closedondate": "Uždaryta",
	"label.input.loanofficerunassigneddate": "Atskirta",
	"label.input.paymenttype": "Mokėjimo tipas",
	"label.input.actions": "Veiksmai",
	"label.input.loan.approvaldate": "Patvirtinimo data",
	"label.input.loan.createdondate": "Sukūrimo data",
	"label.input.rescheduleReasonId": "Perplanavimo priežastys",
	"label.input.changeRepaymentDate": "Pakeisti apmokėjimo grąžinimo datą",
	"label.input.newinterestrate": "Nauja palūkanų norma",
	"label.input.approvedOnDate": "Patvirtinta",
	"label.input.rejectedOnDate": "Atmesta",
	"label.input.submittedOnDate": "Pateikta",
	"label.input.applicationdate": "Paraiškos Data",
	"label.input.loanIdToClose": "Pasirinkite paskolą uždarymui",
	"label.button.writeoff": "Nurašymas",
	"label.button.details": "Informacija",
	"label.button.viewjournalentries": "Žiūrėti Žurnalo Įrašus",
	"label.button.reschedule": "Perplanuoti",
	"label.button.recreate": "Perkurti",
	"label.selectpurpose": "Pasirinkti tiklą",
	"label.selectloanproduct": "Pasirinkti paskolos produktą",
	"label.selectexpenseaccount": "Pasirinkti išlaidų paskyrą",
	"label.selectprovisioningcategory": "Pasirinkti Kategoriją",
	"label.selectfromdate": "Pasirinkti Pradžios Datą",
	"label.selecttodate": "Pasirinkti Pabaigos Datą",
	"label.tooltip.loanProduct.active": "Aktyvus",
	"label.tooltip.loanProduct.inActive": "Neaktyvus",
	"label.tooltip.submittedon": "Data, kada buvo gauta paskolos sąskaitos paraiška",
	"label.tooltip.externalid": "Pateikia išorinį paskolos sąskaitos id",
	"label.tooltip.daysinmonth": "Dienų skaičius per mėnesį.",
	"loanTransactionType.writeOff": "Nurašymas",
	"loanTransactionType.initiateTransfer": "Pavedimas Pradėtas",
	"loanTransactionType.cancelTransfer": "Pravedimas Atšauktas",
	"loanTransactionType.approveTransfer": "Pavedimas Patvirtintas",
	"loanTransactionType.chargePayment": "Mokesčio mokėjimas",
	"loanStatusType.transfer.on.hold": "Pavedimas Sulaikytas",
	"loanStatusType.invalid": "Negalima būsena",
	"loanStatusType.submitted.and.pending.approval": "Išsiųsta ir laukia patvirtinimo",
	"loanStatusType.approved": "Patvirtinta",
	"loanStatusType.active": "Aktyvus",
	"loanStatusType.withdrawn.by.applicant": "Atsiimta pareiškėjo",
	"loanStatusType.rejected": "Atmesta",
	"loanStatusType.closed.written.off": "Uždaryta (nurašyta)",
	"loanStatusType.overpaid": "Permokėta",
	"loanStatusType.transfer.in.progress": " Perkėlimas Vyksta",
	"validation.msg.loan.productId.cannot.be.blank": "Produktas privalomas.",
	"validation.msg.loan.productId.not.greater.than.zero": "Pasirinktas produktas negalimas.",
	"validation.msg.loan.principal.cannot.be.blank": "Paskolos suma yra privaloma.",
	"validation.msg.loan.principal.not.greater.than.zero": "Paskolos suma turi būti didesnė už nulį.",
	"validation.msg.loan.loanTermFrequency.cannot.be.blank": "Paskolos terminas yra privalomas.",
	"validation.msg.loan.loanTermFrequency.not.greater.than.zero": "Paskolos terminas turi būti didesnis už nulį.",
	"validation.msg.loan.numberOfRepayments.cannot.be.blank": "Grąžinimų # yra privalomas.",
	"validation.msg.loan.numberOfRepayments.not.greater.than.zero": "Grąžinimų # turi būti didesnis nei nulis.",
	"validation.msg.loan.repaymentEvery.cannot.be.blank": "Grąžinama kas yra privaloma.",
	"validation.msg.loan.repaymentEvery.not.greater.than.zero": "Grąžinama kas turi būti didesnis už nulį.",
	"validation.msg.loan.submittedOnDate.cannot.be.blank": "Pateikimo data yra privaloma.",
	"error.msg.loan.submittal.cannot.be.a.future.date": "Pateikimo data negali būti ateityje.",
	"error.msg.loan.submittal.cannot.be.before.client.activation.date": "Pateikimo data negali būti prieš kliento aktyvavimo datą.",
	"error.msg.loan.submittal.cannot.be.before.group.activation.date": "Pateikimo data negali būti prieš grupės aktyvavimo datą.",
	"validation.msg.loan.accountNo.cannot.be.blank": "Sąskaitos nr. negali būti tuščias.",
	"error.msg.loan.duplicate.accountNo": "Paskola su sąskaitos nr. `{{params[0].value}}` jau egzistuoja.",
	"error.msg.loan.duplicate.externalId": "Paskola su išoriniu id `{{params[0].value}}` jau egzistuoja.",
	"error.msg.cannot.delete.loan.in.its.present.state": "Jūs negalite ištrinti paskolos dabartinėje būsenoje. Ji turi būti 'Pateikta ir laukianti patvirtinimo'.",
	"validation.msg.loanapplication.note.exceeds.max.length": "Pastaba negali būti ilgesnė nei {{params[0].value}} simboliai.",
	"validation.msg.loanapplication.undo.note.exceeds.max.length": "Pastaba negali būti ilgesnė nei {{params[0].value}} simboliai.",
	"validation.msg.loanapplication.approvedOnDate.cannot.be.blank": "Patvirtinimo data yra privaloma.",
	"error.msg.loan.approval.cannot.be.before.submittal.date": "Patvirtinimo data negali būti prieš pateikimo datą.",
	"error.msg.loan.approval.cannot.be.a.future.date": "Patvirtinimo data negali būti ateityje.",
	"validation.msg.loanapplication.rejectedOnDate.cannot.be.blank": "Atmetimo data yra privaloma.",
	"validation.msg.loanapplication.withdrawnOnDate.cannot.be.blank": "Atsiėmimo data yra privaloma.",
	"error.msg.loan.reject.cannot.be.before.submittal.date": "Paskolos atsiėmimo/atmetimo data negali būti prieš jos pateikimo datą.",
	"error.msg.loan.reject.cannot.be.a.future.date": "Atsiėmimo/Atmetimo data negali būti ateityje.",
	"validation.msg.loan.disbursement.note.exceeds.max.length": "Pastaba negali būti ilgesnė nei {{params[0].value}} simboliai.",
	"error.msg.loan.application.repayment.date.on.holiday": "Grąžinimo data neturėtų būti šventė.",
	"error.msg.loan.application.repayment.date.on.non.working.day": "Grąžinimo data neturėtų būti ne darbo diena.",
	"validation.msg.loanCharge.amount.cannot.be.blank": "Suma yra privaloma.",
	"validation.msg.loan.charge.payment.transaction.transactionDate.cannot.be.blank": "Pavedimo data negali būti tuščia.",
	"validation.msg.loan.transaction.transactionDate.cannot.be.blank": "Pavedimo data negali būti tuščia.",
	"validation.msg.loan.transaction.transactionAmount.not.greater.than.zero": "Pavedimo suma turi būti didesnė nei nulis.",
	"validation.msg.loan.transaction.transactionAmount.not.zero.or.greater": "Pavedimo suma negali būti neigiamas skaičius.",
	"validation.msg.loan.transaction.note.exceeds.max.length": "Pastaba, susijusi su šiuo pavedimu, viršija maksimalų simbolių skaičių {{params[0].value}}.",
	"validation.msg.loan.transactionProcessingStrategyId.cannot.be.blank": "Grąžinimo strategija negali būti tuščia.",
	"error.msg.loan.transaction.cannot.be.a.future.date": "Šis pavedimas negali būti atliktas su data ateityje.",
	"error.msg.loan.transaction.adjustment.is.not.allowed.on.closed.loan": "Negali keisti pavedimų uždarytoje paskoloje.",
	"error.msg.loan.close.loan.has.money.outstanding": "Negalite uždaryti šios paskolos dėl balanso {{params[0].value}}.",
	"validation.msg.Guarantor.firstname.cannot.be.blank": "Vardas yra privalomas.",
	"validation.msg.Guarantor.lastname.cannot.be.blank": "Pavardė yra privaloma.",
	"validation.msg.Guarantor.mobileNumber.format.is.invalid": "Mobiliojo telefono numerio formatas yra negalimas.",
	"validation.msg.Guarantor.housePhoneNumber.format.is.invalid": "Namų telefono numerio formatas yra negalimas.",
	"error.msg.loan.template.type.not.supported": "Paskolos šablono tipas `{{params[0].value}}` yra nepalaikomas",
	"error.msg.loan.template.type.required": "Paskolos šablono tipas turi būti pateiktas.",
	"validation.msg.loan.loanType.cannot.be.blank": "Paskolos tipas yra privalomas.",
	"validation.msg.loan.loanType.is.not.within.expected.range": "Paskolos tipas yra negalimas.",
	"validation.msg.loan.groupId.cannot.also.be.provided.when.clientId.is.populated": "Grupės Id negali būti pateikta Individualiai paskolai.",
	"validation.msg.loan.clientId.cannot.also.be.provided.when.groupId.is.populated": "Kliento Id negali būti pateiktas Grupės paskolai.",
	"validation.msg.loan.clientId.not.greater.than.zero": "Kliento id yra privalomas.",
	"validation.msg.loan.groupId.not.greater.than.zero": "Grupės id yra privalomas.",
	"validation.msg.loan.groupId.cannot.be.blank": "Grupės id yra privalomas.",
	"validation.msg.loan.clientId.cannot.be.blank": "Kliento id yra privalomas.",
	"label.heading.activatesavingaccount": "Aktyvuoti Taupomąją Sąskaitą",
	"label.heading.closesavingaccount": "Uždaryti Taupomąją Sąskaitą",
	"label.heading.editsavingaccounttransaction": "Keisti Taupomosios Sąskaitos Pavedimą",
	"label.heading.savingaccounttransactionDate": "Taupomosios Sąskaitos Pavedimo Data",
	"label.heading.editsavingapplication": "Redaguoti Taupymo Paraišką",
	"label.heading.terms": "Sąlygos",
	"label.heading.transactionid": "Pavedimo ID",
	"label.heading.paymentdetails": "Mokėjimo Informacija",
	"label.heading.checknumber": "Čekis#",
	"label.heading.receiptnumber": "Išrašo#",
	"label.heading.banknumber": "Banko#",
	"label.heading.repaymentsevery": "Grąžinama Kas",
	"label.heading.accountdetail": "Sąskaitos Informacija",
	"label.heading.feeorpenalty": "Mokestis/Bauda",
	"label.heading.repeatson": "Kartojasi",
	"label.heading.calculationtype": "Apskaičiavimo Tipas",
	"label.heading.activatedon": "Aktyvuota",
	"label.heading.minRequiredBalance": "Minimalus balansas",
	"label.heading.marketprice": "Rinkos Kaina",
	"label.heading.shareapplication": "Akcijų Paraiška",
	"label.heading.approveshareaccount": "Patvirtinti Akcijų Sąskaitą",
	"label.heading.rejectshareaccount": "Atmesti Akcijų Sąskaitą",
	"label.heading.activateshareaccount": "Aktyvuoti Akcijų Sąskaitą",
	"label.heading.undoapproveshareaccount": "Anuliuoti Akcijų Sąskaitos Patvirtinimą",
	"label.heading.requesteddate": "Prašymo Data",
	"label.heading.approvesharespurchase": "Patvirtinti Akcijų Pirkimo Prašymą",
	"label.heading.rejectsharespurchase": "Atmesti Akcijų Pirkimo Prašymą",
	"label.heading.closeshareaccount": "Uždaryti Akcijų Sąskaitą",
	"label.anchor.viewsavingaccount": "Žiūrėti Taupomąją Sąskaitą",
	"label.anchor.editsavingapplication": "Redaguoti Taupymo Paraišką",
	"label.anchor.savingapplication": "Taupymo Paraiška",
	"label.anchor.sharesapplication": "Akcijų Paraiška",
	"label.anchor.viewshareaccount": "Žiūrėti Paraiškų Sąskaitą",
	"label.input.applicant": "Pareiškėjas",
	"label.input.applicantgroup": "Pareiškėjų grupė",
	"label.input.product": "Produktas",
	"label.input.submittedon": "Pateikta",
	"label.input.repayments": "# Grąžinimų",
	"label.input.totalnumberofshares": "Viso Akcijų",
	"label.input.totalsharestobeissue": "Išduodamos akcijos",
	"label.input.capitalvalue": "Kapitalo Vertė",
	"label.input.sharesperclient": "Akcijos vienam Klientui",
	"label.input.minimumactiveperiod": "Mažiausias Aktyvumo Laikotarpis",
	"label.input.requreddate": "Prašymo Data",
	"label.input.daysinyears": "Dienos metuose",
	"label.input.daysinmonth": "Deinos mėnesyje",
	"label.input.savingaccountapprovedOnDate": "Patvirtinta",
	"label.input.rejectedon": "Atmesta",
	"label.input.withdrawnon": "Atsiimta",
	"label.input.activatedon": "Aktyvuota",
	"label.input.closedon": "Uždaryta",
	"label.input.transactionamount": "Pervedimo suma",
	"label.input.interest": "Palūkanų suma",
	"label.input.checkValidate": "Patvirtinimo Pasirinkimai",
	"label.input.accountnumber": "Sąskaitos Numeris",
	"label.input.paymentypeid": "Mokėjimo tipo id",
	"label.input.showpaymentdetails": "Rodyti mokėjimo informaciją",
	"label.input.accnum": "Sąskaitos#",
	"label.input.checknumber": "Čekio#",
	"label.input.receiptnumber": "Išrašo#",
	"label.input.banknumber": "Banko#",
	"label.input.dayofmonth": "Mėnesio Dienos",
	"label.input.loanpurpose": "Paskolos paskirtis",
	"label.input.months": "mėnesiai",
	"label.input.weeks": "savaitės",
	"label.input.onAccountClosure": "Veiksmas",
	"label.input.transfer.to.savings": "Perkelti į Taupomąją",
	"label.input.transfer.description": "Perkėlimo Aprašymas",
	"label.input.minRequiredBalance": "Minimalus balansas",
	"label.input.requesteddate": "Prašymo Data",
	"label.input.todaysprice": "Šiandienos Kaina",
	"label.button.undo": "Anuliuoti",
	"label.button.modifyapplication": "Keisti Paraišką",
	"label.button.withdrawnbyclient": "Atsiimta kliento",
	"label.button.undoapproval": "Anuliuoti Patvirtinimą",
	"label.button.withdraw": "Atsiimti",
	"label.button.calculateInterest": "Apskaičiuoti Palūkanas",
	"label.totalannualfees": "Iš viso metinių mokesčių",
	"label.noofdaysinyear": "# Dienų Metuose",
	"label.survey": "Apklausa",
	"label.account.deposit.period": "Periodas",
	"label.account.closed.on.date": "Uždarymo Data",
	"label.tooltip.currency": "Valiuta, kuri turi būti naudojama",
	"label.tooltip.capitalvalue": "Visa Kapitalo Vertė",
	"label.tooltip.marketprice": "Kiekvienos akcijos kaina",
	"label.tooltip.interestcalculatedusing": "Metodas, naudojamas apskaičiuoti palūkanas",
	"label.tooltip.fixeddepositproduct.calcmethod": "Metodas, naudojamas apskaičiuoti palūkanas.",
	"savings.interest.rate.savingsPeriodFrequencyType.days": "Per dieną",
	"savings.interest.rate.savingsPeriodFrequencyType.weeks": "Per savaitę",
	"savings.interest.rate.savingsPeriodFrequencyType.months": "Per mėnesį",
	"savings.interest.rate.savingsPeriodFrequencyType.years": "Per metus",
	"savings.lockin.savingsPeriodFrequencyType.days": "Dienos",
	"savings.lockin.savingsPeriodFrequencyType.weeks": "Savaitės",
	"savings.lockin.savingsPeriodFrequencyType.months": "Mėnesiai",
	"savings.lockin.savingsPeriodFrequencyType.years": "Metai",
	"savingsWithdrawalFeesType.invalid": "Negalimas",
	"savingsWithdrawalFeesType.percent.of.amount": "% Sumos",
	"savings.interest.period.savingsCompoundingInterestPeriodType.invalid": "Negalimas",
	"savings.interest.period.savingsCompoundingInterestPeriodType.daily": "Kasdien",
	"savings.interest.period.savingsCompoundingInterestPeriodType.weekly": "Kas savaitę",
	"savings.interest.period.savingsCompoundingInterestPeriodType.biweekly": "Du Kartus Per Savaitę",
	"savings.interest.period.savingsCompoundingInterestPeriodType.monthly": "Kas mėnesį",
	"savings.interest.period.savingsCompoundingInterestPeriodType.quarterly": "Kas ketvirtį",
	"savings.interest.period.savingsCompoundingInterestPeriodType.biannual": "Du kartus į metus",
	"savings.interest.period.savingsCompoundingInterestPeriodType.annual": "Kasmet",
	"savings.interest.posting.period.savingsPostingInterestPeriodType.invalid": "Negalimas",
	"savings.interest.posting.period.savingsPostingInterestPeriodType.monthly": "Kas mėnesį",
	"savings.interest.posting.period.savingsPostingInterestPeriodType.quarterly": "Kas ketvirtį",
	"savings.interest.posting.period.savingsPostingInterestPeriodType.annual": "Kasmet",
	"savingsInterestCalculationType.dailybalance": "Kasdienis Balansas",
	"savingsInterestCalculationType.averagedailybalance": "Vidutinis Kasdienis Balansas",
	"savingsInterestCalculationDaysInYearType.invalid": "Negalimas",
	"savingsInterestCalculationDaysInYearType.days360": "360 Dienos",
	"savingsInterestCalculationDaysInYearType.days365": "365 Dienos",
	"savingsAccountTransactionType.initiateTransfer": "Pradėti Pavedimą",
	"savingsAccountTransactionType.approveTransfer": "Patvirtinti Pavedimą",
	"savingsAccountTransactionType.withdrawTransfer": "Atsiimti Pavedimą",
	"savingsAccountTransactionType.rejectTransfer": "Atmesti Pavedimą",
	"savingsAccountStatusType.invalid": "Negalima būsena",
	"savingsAccountStatusType.submitted.and.pending.approval": "Išsiųsta ir laukia patvirtinimo",
	"savingsAccountStatusType.approved": "Patvirtinta",
	"savingsAccountStatusType.active": "Aktyvus",
	"savingsAccountStatusType.withdrawn.by.applicant": "Atsiimta pareiškėjo",
	"savingsAccountStatusType.rejected": "Atmesta",
	"savingsAccountStatusType.closed": "Uždaryta",
	"savingsAccountStatusType.transfer.in.progress": "Perkėlimas vyksta",
	"savingsAccountStatusType.transfer.on.hold": "Perkėlimas sulaikytas",
	"recurring.deposit.frequency.periodFrequencyType.days": "Dienos",
	"recurring.deposit.frequency.periodFrequencyType.weeks": "Savaitės",
	"recurring.deposit.frequency.periodFrequencyType.months": "Mėnesiai",
	"recurring.deposit.frequency.periodFrequencyType.years": "Metai",
	"error.msg.savingsaccount.unknown.data.integrity.issue": "Įvyko netikėta problema, kai buvo kuriama/atnaujinama taupomoji sąskaita. Klaida įrašyta serveryje.",
	"validation.msg.savingsaccount.submittedOnDate.cannot.be.blank": "Pateikimo data yra privaloma.",
	"validation.msg.savingsaccount.activationDate.cannot.be.blank": "Aktyvavimo data yra privaloma, kai sąskaita nustatoma kaip `Aktyvi`.",
	"validation.msg.savingsaccount.accountNo.cannot.be.blank": "Sąskaitos nr. yra privalomas.",
	"error.msg.savingsaccount.duplicate.accountNo": "Taupomoji sąskaita su sąskaitos nr. `{{params[0].value}}` jau egzistuoja.",
	"error.msg.savingsaccount.duplicate.externalId": "Taupomoji sąskaita su išoriniu nr. `{{params[0].value}}` jau egzistuoja.",
	"validation.msg.savingsaccount.closedOnDate.cannot.be.blank": "Uždarymo data yra privaloma.",
	"validation.msg.savingsaccount.close.closedOnDate.must.be.after.last.transaction.date": "Uždarymo data turi būti po paskutinio pavedimo datos.",
	"validation.msg.savingsaccount.close.closedOnDate.must.be.after.activation.date": "Uždarymo data turi būti po aktyvavimo datos.",
	"validation.msg.savingsaccount.close.closedOnDate.cannot.be.a.future.date": "uždarymo data negali būti ateityje.",
	"validation.msg.savingsaccountapplication.note.exceeds.max.length": "Pastaba negali būti ilgesnė nei {{params[0].value}} simboliai.",
	"validation.msg.savingsaccountapplication.undo.note.exceeds.max.length": "Pastaba negali būti ilgesnė nei {{params[0].value}} simboliai.",
	"validation.msg.savingsaccount.summital.cannot.be.before.client.activation.date": "Taupomosios sąskaitos paraiškos pateikimo data negali būti ankščiau nei kliento aktyvavimo data.",
	"validation.msg.savingsaccount.summital.cannot.be.a.future.date": "Taupomosios sąskaitos paraiškos pateikimo data negali būti ateityje.",
	"validation.msg.savingsaccount.submittal.cannot.be.before.group.activation.date": "Taupomosios sąskaitos paraiškos pateikimo data negali būti ankščiau nei grupės aktyvavimo data.",
	"validation.msg.savingsaccountapplication.rejectedOnDate.cannot.be.blank": "Atmetimo data yra privaloma.",
	"validation.msg.savingsaccount.reject.cannot.be.before.submittal.date": "Taupomosios sąskaitos paraiška negali būti atmesta prieš jos pateikimo datą: {{params[0].value}}.",
	"validation.msg.savingsaccount.reject.cannot.be.a.future.date": "Taupomosios sąskaitos paraiška negali būti atmesta data, kuri yra ateityje.",
	"validation.msg.savingsaccountapplication.withdrawnOnDate.cannot.be.blank": "Atsiėmimo data yra privaloma.",
	"validation.msg.savingsaccount.withdrawnByApplicant.cannot.be.before.submittal.date": "Taupomosios sąskaitos paraiška negali būti atsiimta pareiškėjo prieš jos pateikimo datą: {{params[0].value}}.",
	"validation.msg.savingsaccount.withdrawnByApplicant.cannot.be.a.future.date": "Taupomosios sąskaitos paraiška negali būti atsiimta pareiškėjo data, kuri yra ateityje.",
	"validation.msg.savingsaccountapplication.approvedOnDate.cannot.be.blank": "Patvirtinimo data yra privaloma.",
	"validation.msg.savingsaccount.approval.cannot.be.before.submittal.date": "Taupomosios sąskaitos paraiška negali būti patvirtinta prieš jos pateikimo datą: {{params[0].value}}.",
	"validation.msg.savingsaccount.approval.cannot.be.a.future.date": "Taupomosios sąskaitos paraiška negali būti patvirtinta data, kuri yra ateityje.",
	"validation.msg.savingsaccount.activatedOnDate.cannot.be.blank": "Aktyvavimo data yra privaloma.",
	"validation.msg.savingsaccount.activate.cannot.be.before.client.activation.date": "Taupomosios sąskaitos paraiška negali būti aktyvuota prieš jos pateikimo datą: {{params[0].value}}.",
	"validation.msg.savingsaccount.activate.cannot.be.a.future.date": "Taupomosios sąskaitos paraiška negali būti aktyvuota data, kuri yra ateityje.",
	"validation.msg.savingsaccount.modify.not.in.submittedandpendingapproval.state": "Taupomosios sąskaitos paraiškos sąlygos gali būti keistos tik kol ji yra 'Pateikta ir laukiama patvirtinimo' būsenoje.",
	"validation.msg.savingsaccount.transaction.transactionDate.cannot.be.blank": "Pavedimo data yra privaloma.",
	"validation.msg.savingsaccount.transaction.transactionAmount.cannot.be.blank": "Pavedimo suma yra privaloma.",
	"validation.msg.savingsaccount.transaction.transactionAmount.not.greater.than.zero": "Pavedimo suma turi būti didesnė už nulį.",
	"error.msg.savingsaccount.transaction.withdrawals.blocked.during.lockin.period": "Atsiėmimas užblokuotas iki `{{params[1].value}}`.",
	"error.msg.savingsaccount.transaction.insufficient.account.balance": "Nepakanka lėšų, kad būtų atliktas  pavedimas.",
	"validation.msg.savingsaccount.applyannualfee.transaction.account.is.not.active": "Pavedimas neleidžiamas. Sąskaita nėra aktyvi.",
	"validation.msg.savingsaccount.applyannualfee.before.activationDate": "Pavedimo data negali būti prieš sąskaitos aktyvavimo datą `{{params[1].value}}`.",
	"validation.msg.savingsaccount.transaction.invalid.account.is.closed": "Pavedimas neleidžiamas. Sąskaita uždaryta.",
	"validation.msg.savingsaccount.transaction.invalid.account.is.not.active": "Pavedimas neleidžiamas. Sąskaita nėra aktyvi.",
	"validation.msg.savingsaccount.transaction.not.allowed.transaction.date.is.on.holiday": "Pavedimas neleidžiamas per šventes.",
	"validation.msg.savingsaccount.transaction.not.allowed.transaction.date.is.a.nonworking.day": "Pavedimas neleidžiamas ne darbo dieną.",
	"validation.msg.savingsaccount.transaction.before.submittedOnDate": "Pavedimo data negali būti prieš sąskaitos pateikimo datą `{{params[1].value}}`.",
	"validation.msg.savingsaccount.transaction.before.activationDate": "Pavedimo data negali būti prieš sąskaitos aktyvavimo datą `{{params[1].value}}`.",
	"validation.msg.savingsaccount.transaction.is.futureDate": "Pavedimo data negali būti ateityje.",
	"validation.msg.recurringdepositaccount.submittedOnDate.cannot.be.blank": "Pateikimo data yra privaloma.",
	"error.msg.recurringaccount.transaction.in.the.future": "Pavedimo data negali būti ateityje.",
	"validation.msg.fixeddepositaccount.submittedOnDate.cannot.be.blank": "Pateikimo data yra privaloma.",
	"label.heading.createuser": "Sukurti Vartotoją",
	"label.heading.permissions": "Leidimai",
	"label.heading.edituser": "Redaguoti Vartotoją",
	"label.heading.enabled": "Įjungta?",
	"label.heading.systemusers": "Sistemos Vartotojai",
	"label.heading.newuser": "Naujas Vartotojas",
	"label.heading.familyname": "Pavardė",
	"label.heading.givenname": "Vardas",
	"label.heading.usersettings": "Vartotojo Nustatymai",
	"label.heading.email": "El. paštas",
	"label.heading.changepassword": "Keisti Slaptažodį",
	"label.heading.roles": "Vaidmenys",
	"label.anchor.users": "Vartotojai",
	"label.anchor.createuser": "Sukurti Vartotoją",
	"label.anchor.editpermissions": "Redaguoti Leidimus",
	"label.anchor.edituser": "Redaguoti Vartotoją",
	"label.anchor.globalconfigurations": "Globalios Konfigūracijos",
	"label.anchor.editconfiguration": "Redaguoti Konfigūraciją",
	"label.input.username": "Vartotojo vardas",
	"label.input.email": "El. paštas",
	"label.input.autogeneratepassword": "Automatiškai generuoti slaptažodį",
	"label.input.password": "Slaptažodis",
	"label.input.repeatpassword": "Pakartoti slaptažodį",
	"label.input.selectroles": "Pasirinkti vaidmenys",
	"label.input.generatepasswordandemailit": "Generuoti slaptažodį ir jį išsiųsti el. paštu",
	"label.input.roles": "Vaidmenys",
	"label.input.selectedroles": "Pasirinkti Vaidmenys",
	"label.input.availableroles": "Galimi vaidmenys",
	"label.button.createuser": "Sukurti Vartotoją",
	"label.button.changepassword": "Keisti Slaptažodį",
	"validation.msg.user.username.cannot.be.blank": "Vartotojo vardas yra privalomas.",
	"validation.msg.user.username.exceeds.max.length": "Vartotojo vardas negali būti ilgesnis nei {{params[0].value}} simboliai.",
	"validation.msg.user.firstname.cannot.be.blank": "Vardas yra privalomas.",
	"validation.msg.user.firstname.exceeds.max.length": "Vardas negali būti ilgesnis nei {{params[0].value}} simboliai.",
	"validation.msg.user.lastname.cannot.be.blank": "Pavardė yra privaloma.",
	"validation.msg.user.lastname.exceeds.max.length": "Pavardė negali būti ilgesnė nei {{params[0].value}} simboliai.",
	"validation.msg.user.email.cannot.be.blank": "El. paštas yra privalomas.",
	"validation.msg.user.email.exceeds.max.length": "El. paštas negali būti ilgesnis nei {{params[0].value}} simboliai.",
	"validation.msg.user.officeId.cannot.be.blank": "Turite pasirinkti ofisą.",
	"validation.msg.user.officeId.not.greater.than.zero": "Turite pasirinkti ofisą.",
	"validation.msg.user.roles.cannot.be.empty": "Vartotojas privalo turėti bent vieną vaidmenį.",
	"validation.msg.user.password.cannot.be.blank": "Slaptažodis yra privalomas.",
	"validation.msg.user.password.exceeds.max.length": "Slaptažodis negali būti ilgesnis nei 50 simboliai.",
	"validation.msg.user.repeatPassword.not.equal.to.password": "Slaptažodis ir pakartotas slaptažodis nesutampa.",
	"error.msg.user.duplicate.username": "Vartotojas su vartotojo vardu `{{params[0].value}}` jau egzistuoja.",
	"label.heading.clients": "Klientai",
	"label.heading.createemployee": "Kurti Darbuotoją",
	"label.heading.createholiday": "Kurti Šventę",
	"label.heading.activateholiday": "Aktyvuoti Šventę",
	"label.heading.editholiday": "Redaguoti Šventę",
	"label.heading.deleteholiday": "Ištrinti Šventę",
	"label.heading.createoffice": "Kurti Ofisą",
	"label.heading.currencyname": "Valiutos Pavadinimas",
	"label.heading.currencycode": "Valiutos Kodas",
	"label.heading.editemployee": "Redaguoti Darbuotoją",
	"label.heading.editoffice": "Redaguoti Ofisą",
	"label.heading.mobileNo": "Mobilaus telefono Numeris dėl SMS",
	"label.heading.joiningDate": "Prisijungė",
	"label.heading.holidayname": "Šventės Pavadinimas",
	"label.heading.managefunds": "Tvarkyti Lėšas",
	"label.heading.todate": "Iki Datos",
	"label.heading.applicableoffices": "Taikoma Ofisams",
	"label.heading.officeName": "Ofiso Pavadinimas",
	"label.heading.createtaxgroup": "Kurti Mokesčių Grupę",
	"label.heading.edittaxgroup": "Redaguoti Mokesčių Grupę",
	"label.heading.viewtaxgroup": "Žiūrėti Mokesčių Grupę",
	"label.anchor.organization": "Organizacija",
	"label.anchor.manageemployees": "Tvarkyti Darbuotojus",
	"label.anchor.createemployee": "Kurti Darbuotoją",
	"label.input.creditaccounttype": "Kredito Sąskaitos Tipas",
	"label.input.creditaccount": "Kredito Sąskaita",
	"label.input.taxcomponents": "Mokesčio Komponentai",
	"label.input.taxcomponent": "Mokesčio Komponentas",
	"label.input.taxgroup": "Mokesčio Grupė",
	"label.button.createemployee": "Kurti Darbuotoją",
	"label.button.createholiday": "Kurti Šventę",
	"label.button.createoffice": "Kurti Ofisą",
	"label.button.addedit": "Pridėti/Redaguoti",
	"label.addnewofficeormodifyordeactivateofficeormodifyofficeheirarchy": "Pridėti naują ofisą arba keisti ar išjungti ofisą ar keisto ofiso hierarchiją",
	"label.defineholidaysforoffices": "Nustatyti ofiso šventes",
	"label.fundsareassociatedwithloans": "Lėšos yra susijusios su paskolomis",
	"label.view.taxconfiguration": "Apibrėžti Mokesčio komponentus ir Mokesčio grupes",
	"label.view.taxcomponent": "Apibrėžti Mokesčio komponentus",
	"label.view.taxgroup": "Apibrėžti Mokesčio Grupes",
	"label.view.smscampaigns": "Apibrėžti Organizacijos SMS Kampanijas",
	"validation.msg.currencies.currencies.cannot.be.empty": "Turite pasirinkti bent vieną valiutą, kuri yra  'leidžiama' jūsų organizacijai.",
	"validation.msg.office.name.cannot.be.blank": "Pavadinimas yra privalomas.",
	"validation.msg.office.name.exceeds.max.length": "Vartotojo vardas negali būti ilgesnis nei {{params[0].value}} simboliai.",
	"validation.msg.fund.name.cannot.be.blank": "Pavadinimas yra privalomas.",
	"validation.msg.fund.name.exceeds.max.length": "Pavadinimas negali būti ilgesnis nei {{params[0].value}} simboliai.",
	"validation.msg.fund.externalId.exceeds.max.length": "Išorinis Id negali būti ilgesnis nei {{params[0].value}} simboliai.",
	"error.msg.fund.duplicate.name": "Fondas su pavadinimu `{{params[0].value}}` jau egzistuoja.",
	"error.msg.fund.duplicate.externalId": "Fondas su išoriniu id `{{params[0].value}}` jau egzistuoja.",
	"validation.msg.staff.lastname.cannot.be.blank": "Pavardė yra privaloma.",
	"validation.msg.staff.lastname.exceeds.max.length": "Pavardė negali būti ilgesnė nei {{params[0].value}} simboliai.",
	"validation.msg.staff.firstname.cannot.be.blank": "Vardas yra privalomas.",
	"validation.msg.staff.firstname.exceeds.max.length": "Vardas negali būti ilgesnis nei {{params[0].value}} simboliai.",
	"validation.msg.staff.officeId.cannot.be.blank": "Ofisas yra privalomas.",
	"validation.msg.staff.officeId.not.greater.than.zero": "Negalimas Ofisas.",
	"error.msg.staff.duplicate.displayName": "Darbuotojas su vardu `{{params[0].value}}` jau egzistuoja.",
	"error.msg.holiday.to.date.cannot.be.before.from.date": "Data negali būti prieš Nuo datą.",
	"error.msg.holiday.duplicate.name": "šventės pavadinimas `{{params[0].value}}` jau egzistuoja.",
	"validation.msg.holiday.offices.cannot.be.blank": "Prašome pasirinkti ofisą.",
	"error.msg.currency.currencyCode.inUse": "Valiuta, kuria bandote pašalinti, yra naudojama",
	"validation.msg.tax.component.percentage.is.greater.than.max": "Procentas turėtų būti mažiau nei 100",
	"validation.msg.tax.group.taxComponents.not.greater.than.zero": "Mokesčio komponentai privalo egzistuoti",
	"validation.msg.tax.group.component.dates.are.overlapping": "Mokesčio komponento datos sutampa",
	"validation.msg.tax.group.component.start.date.is.less.than.date": "Mokesčio komponento pradžios data sutampa",
	"validation.msg.tax.group.endDate.can.not.modify.end.date.once.updated": "Pabaigos datos modifikacija nepalaikoma",
	"label.heading.text": "Tekstas",
	"label.heading.addcode": "Pridėti Kodą",
	"label.heading.codename": "Kodo Pavadinimas",
	"label.heading.events": "Įvykiai",
	"label.heading.isactive": "Aktyvus?",
	"label.heading.entityname": "Objekto Pavadinimas",
	"label.heading.actionname": "Veiksmo Pavadinimas",
	"label.heading.ugdtemplatename": "UGD Šablono Pavadinimas",
	"label.heading.ugdtemplateid": "UGD Šablono ID",
	"label.heading.createdatatable": "Kurti Duomenų lentelę",
	"label.heading.columns": "Stulpeliai",
	"label.heading.mandatory": "Privaloma",
	"label.heading.length": "Ilgis",
	"label.heading.code": "Kodas",
	"label.heading.associatedwith": "Susiję Su",
	"label.heading.datatablename": "Duomenų lentelės Pavadinimas",
	"label.heading.editcode": "Redaguoti Kodą",
	"label.heading.editdatatable": "Redaguoti Duomenų lentelę",
	"label.heading.newname": "Naujas Pavadinimas",
	"label.heading.newcode": "Naujas Kodas",
	"label.heading.makedatatableentry": "Padaryti Duomenų lentelės Įrašą",
	"label.heading.command": "Komanda",
	"label.heading.position": "Pozicija",
	"label.heading.fieldname": "Lauko Pavadinimas",
	"label.heading.viewdatatableentry": "Žiūrėti Duomenų lentelės Įrašą",
	"label.heading.editdatatableentry": "Redaguoti Duomenų lentelės Įrašą",
	"label.heading.follow": "Sekti",
	"label.heading.isactivejob": "Yra Aktyvus Darbas?",
	"label.heading.jobname": "Darbo Pavadinimas",
	"label.heading.version": "Versija",
	"label.heading.addcodevalue": "Pridėti Kodo Vertę",
	"label.heading.madeby": "Padarė",
	"label.heading.madedate": "Atlikimo Data",
	"label.heading.checker": "Tikrintojas",
	"label.heading.checkeddate": "Tikrinimo Data",
	"label.anchor.templates": "Šablonai",
	"label.anchor.createtemplate": "Sukurti Šabloną",
	"label.anchor.edittemplate": "Redaguoti Šabloną",
	"label.anchor.system": "Sistema",
	"label.anchor.managecodes": "Tvarkyti Kodus",
	"label.anchor.addcode": "Pridėti Kodą",
	"label.anchor.audit": "Auditas",
	"label.anchor.managedatatables": "Tvarkyti Duomenų lenteles",
	"label.anchor.createdatatable": "Kurti Duomenų lentelę",
	"label.anchor.editcode": "Redaguoti Kodą",
	"label.anchor.editdatatable": "Redaguoti Duomenų lentelę",
	"label.anchor.viewauditentry": "Žiūrėti Audito Įrašą",
	"label.anchor.addrole": "Pridėti Vaidmenį",
	"label.anchor.viewroles": "Pridėti Vaidmenis",
	"label.anchor.viewrole": "Žiūrėti Vaidmenį",
	"label.anchor.manageroleandpermissions": "Tvarkyti Vaidmenis ir Leidimus",
	"label.anchor.configuration": "Konfigūracijos",
	"label.anchor.addcodevalue": "Pridėti Kodo Vertę",
	"label.anchor.managemembers": "Tvarkyti Narius",
	"label.anchor.externalServices": "Išorinės paslaugos",
	"label.anchor.addressConfiguration": "Adreso konfigūracija",
	"label.anchor.fieldconfiguration": "Subjekto Lauko Konfigūracija",
	"label.input.addressType": "Adreso Tipas",
	"label.input.street": "Gatvė",
	"label.input.addressline1": "Adreso 1 Eilutė",
	"label.input.addressline2": "Adreso 2 Eilutė",
	"label.input.addressline3": "Adreso 3 Eilutė",
	"label.input.town_village": "Miestas / Kaimas",
	"label.input.county_district": "Apskritis / Rajonas",
	"label.input.state_province": "Valstija / Provincija",
	"label.input.postal_code": "Pašto Kodas",
	"label.input.latitude": "Platuma",
	"label.input.longitude": "Ilguma",
	"label.input.entity": "Subjektas",
	"label.input.alias": "Kiti vardai",
	"label.input.type": "Tipas",
	"label.input.templatename": "Šablono pavadinimas",
	"label.input.ugdtemplate": "UGD Šablonas",
	"label.input.codename": "Kodo pavadinimas",
	"label.input.displayname": "Rodomas Pavadinimas",
	"label.input.events": "Įvykiai",
	"label.input.datatablename": "Duomenų lentelės pavadinimas",
	"label.input.addcolumns": "Pridėti stulpelius",
	"label.input.columnname": "Stulpelio pavadinimas",
	"label.input.codevalue": "Kodo vertė",
	"label.input.position": "Pozicija",
	"label.input.isactivejob": "Ar darbas aktyvus?",
	"label.input.jobname": "Darbo pavadinimas",
	"label.input.filterbyversion": "Filtruoti pagal Versiją",
	"label.input.resourceid": "Resurso id",
	"label.input.joinedon": "Prisijungė",
	"label.input.accountType": "Pasirinkti Sąskaitos Tipą",
	"Gender": "Lytis",
	"YesNo": "Taip arba Ne",
	"PaymentType": "Mokėjimo Tipas",
	"GROUPROLE": "Grupės Vaidmuo",
	"ClientClosureReason": "Kliento uždarymo priežastis",
	"GroupClosureReason": "Grupės uždarymo priežastis",
	"loanTermFrequencyType": "Paskolos Termino Dažnis",
	"termFrequencyType": "Termino Dažnis",
	"repaymentFrequencyType": "Grąžinimo Dažnis",
	"loanType": "Paskolos Tipas",
	"interestCalculationDaysInYearType": "Dienos Metuose",
	"recurringFrequencyType": "Pasikartojimo Dažnis",
	"clientIdentifierStatusType.inactive": "Neaktyvus",
	"clientIdentifierStatusType.active": "Aktyvus",
	"label.button.advancedoptions": "Išplėstiniai Nustatymai",
	"label.button.createtemplate": "Kurti Šabloną",
	"label.button.addcode": "Pridėti Kodą",
	"label.button.createdatatable": "Kurti Duomenų lentelę",
	"label.button.refresh": "Atnaujinti",
	"label.button.addcodevalues": "Pridėti Kodo Vertes",
	"label.button.viewhistory": "Žiūrėti Istoriją",
	"label.button.addrole": "Pridėti Vaidmenį",
	"label.button.editcode": "Redaguoti Kodą",
	"label.button.pending.tasks": "Laukiančios Užduotys",
	"label.button.addpreferences": "Pridėti Pageidavimus",
	"label.selectstatus": "Pasirinkti būseną",
	"label.loan": "Paskola",
	"label.client": "Klientas",
	"label.group": "Grupė",
	"label.center": "Centras",
	"label.office": "Ofisas",
	"label.selectcolumntype": "Pasirinkti stulpelio tipą",
	"label.number": "Numeris",
	"label.date": "Data",
	"label.datetime": "Data ir Laikas",
	"label.text": "Tekstas",
	"label.dropdown": "Išskleidžiamas",
	"label.anchor.smscampaings": "SMS Kampanijos",
	"label.anchor.createcampaign": "Kurti Kampaniją",
	"label.button.createcampaign": "Kurti Kampaniją",
	"chargeAppliesTo.client": "Klientas",
	"validation.msg.loanproduct.shortName.cannot.be.blank": "Shortname negali būti tuščias.",
	"label.input.selectedproducts": "Atrinkti produktai",
	"label.input.allproducts": "Visi produktai",
	"label.heading.toclient": "Klientui",
	"label.input.country": "Valstybė",
	"label.input.isCreditCheckMandatory": "Ar kredito patikrinimas privalomas?",
	"label.input.skipcreditcheckinfailure": "gedimo atveju praleisti kredito tikrinimą",
	"label.input.cbproduct": "Produktas",
	"label.input.start_date": "Pradžios Data",
	"label.input.end_date": "Pabaigos Data",
	"label.SMS.description": "SMS Paslaugos Konfigūracija",
	"label.anchor.SMTP": "El. pašto tarnyba",
	"label.heading.Survey": "Apklausa",
	"label.anchor.survey": "Apklausa",
	"label.surveyName": "Apklausos pavadinimas",
	"label.selectsurvey": "Pasirinkite apklausą",
	"label.anchor.editcampaign": "Redaguoti Kampaniją",
	"label.menu.repeatsevery": "Kartojasi Kas",
	"label.menu.repeats": "Kartojasi",
	"label.heading.activatesmscampaign": "Aktyvuoti SMS Kampaniją",
	"label.heading.reactivatesmscampaign": "Iš naujo paleisti SMS Kampaniją",
	"label.heading.closesmscampaign": "Uždaryti SMS Kampaniją",
	"label.heading.deletesmscampaign": "Trinti SMS Kampaniją",
	"label.heading.mobilenumber": "Mobilus Nr.",
	"label.heading.datatable": "Duomenų Lentelė",
	"label.menu.entity": "Subjektas",
	"label.menu.status": "Būsena",
	"label.input.datatable": "Duomenų Lentelė",
	"label.menu.product": "Produktas",
	"label.menu.datatable": "Duomenų Lentelė",
	"label.button.create": "Kurti",
	"m_client": "Klientas",
	"m_group": "Grupė",
	"m_loan": "Paskola"
}
